age (ka; for time dependent parameters) ,mean,sd,2.50%,25%,50%,75%,97.50%,Rhat,n.eff
58776,34.86086253,0.792503239,33.11652627,34.34995637,34.98988926,35.48862373,35.94458426,1.081672653,80
58759,33.9914211,0.855067431,32.14283079,33.45256191,34.0770301,34.61152953,35.41334032,1.058602805,110
58741,34.62484489,0.855159661,32.79172352,34.08389285,34.70810444,35.24197891,36.05575796,1.056908524,110
58724,33.8893019,0.851118613,32.06251578,33.35147625,33.97173218,34.51274147,35.30311479,1.058498669,110
58706,33.69219138,0.844048032,31.86224207,33.15927371,33.77620591,34.30244794,35.10190173,1.05595754,110
58688,33.40933297,0.777110118,31.71289629,32.92522571,33.50681565,33.98548719,34.62856267,1.066762561,96
58671,32.85864599,1.075475044,30.63926735,32.16202365,32.9070881,33.60415634,34.82274545,1.032849742,180
58654,32.77639432,0.764050653,31.11589018,32.29701538,32.86701425,33.3420173,33.97436213,1.065197535,98
58638,33.19249324,0.765105004,31.52022951,32.71316308,33.28618775,33.76071087,34.3939493,1.065007323,98
58621,33.60139894,0.776749473,31.90436243,33.1156146,33.69717346,34.18025399,34.81942742,1.068058689,94
58605,33.1666768,0.769122977,31.51104652,32.6838398,33.2619468,33.73469508,34.37046851,1.065872083,97
58589,32.78783824,1.07846105,30.54961787,32.09242661,32.83466574,33.54489239,34.75976658,1.033316411,170
58571,33.6298849,0.783519448,31.91473044,33.13866246,33.72692447,34.21180628,34.84144069,1.067967056,95
58553,33.82263606,0.780633606,32.11198073,33.3373167,33.92092187,34.39691441,35.04796354,1.067559296,96
58534,33.78134839,0.777551516,32.07976655,33.29982346,33.8757361,34.3586858,34.99702715,1.066948101,96
58516,34.4025909,0.790578054,32.69918433,33.90401568,34.50440054,34.99130416,35.63255083,1.070549269,92
58497,34.17360773,0.784508331,32.47403217,33.68180975,34.27232015,34.75509642,35.39925235,1.067285559,95
58479,34.18460434,0.788229416,32.44805484,33.69343081,34.28437406,34.76839819,35.41851098,1.069372705,93
58460,35.20504295,0.803768049,33.44754533,34.70145532,35.31272117,35.80100994,36.45078248,1.070996416,91
58441,35.2138923,0.799367127,33.47121509,34.71548815,35.31448156,35.80514357,36.45795758,1.069918413,92
58421,34.71537739,0.797211515,32.97914581,34.222706,34.81966005,35.30837857,35.95397687,1.069792595,92
58402,35.37390724,0.806255211,33.62594329,34.87222852,35.47758444,35.973401,36.6160568,1.070693149,92
58383,34.86026017,0.79788216,33.11167862,34.36068949,34.96577781,35.45369085,36.08935241,1.069363556,94
58363,34.55364916,0.797634364,32.82463587,34.05274802,34.65721152,35.14826013,35.80279421,1.069699475,93
58344,35.04725771,0.800464574,33.3164127,34.54988194,35.15175128,35.64382257,36.28614861,1.071380862,91
58328,35.96115766,0.852017351,34.10475697,35.42186709,36.05970053,36.58339655,37.33237271,1.064519673,99
58324,35.73693989,0.820288312,33.96799084,35.21901756,35.84891433,36.356454,36.99730952,1.0723115,91
58309,36.35252872,0.844741647,34.53434688,35.8260722,36.44317889,36.96975557,37.71983646,1.064870593,97
58305,35.15392831,0.806764215,33.40569638,34.64822089,35.26183645,35.74932769,36.40405055,1.071920872,90
58288,36.13939011,0.829558414,34.33787596,35.61547997,36.23967985,36.74588198,37.46488043,1.067341164,95
58286,35.6666812,0.811210869,33.90853383,35.15659533,35.78400046,36.27229991,36.9004708,1.073418392,89
58283,35.59229391,0.842189566,33.77367497,35.07135109,35.69422267,36.21339439,36.9301984,1.068227217,94
58279,35.68954064,0.855748442,33.84398805,35.16147111,35.78585401,36.31160348,37.07701845,1.064301958,100
58268,35.91828726,0.821292034,34.13661862,35.41152558,36.01433227,36.51429144,37.23602858,1.063688717,100
58266,35.36587305,0.795021428,33.63742883,34.86430859,35.47020832,35.95794929,36.59159481,1.072250174,90
58257,36.0692632,0.857988844,34.22907593,35.52698514,36.16021915,36.69465218,37.47282705,1.063093483,100
58249,36.42778876,0.831330692,34.63288884,35.90489436,36.52931542,37.04281427,37.74292695,1.06737481,96
58248,36.07131191,0.824562381,34.28575679,35.5510663,36.17820024,36.68318395,37.36023354,1.072345259,90
58247,35.97443207,0.815583943,34.2208998,35.45997529,36.08723078,36.58461966,37.21251919,1.075262954,87
58240,35.37548354,0.861505481,33.50169087,34.83209733,35.47129998,36.00496386,36.76706856,1.064011223,99
58235,35.94613629,0.853460501,34.11960703,35.40757573,36.04233373,36.56647177,37.3273132,1.063154585,100
58229,36.12547348,0.82774381,34.32287167,35.60794253,36.23274493,36.74028525,37.41276775,1.071158668,90
58228,35.87904436,0.816642642,34.09933191,35.37439661,35.98593528,36.49198137,37.12975238,1.074310444,88
58224,36.16965431,0.850700289,34.34045765,35.63835484,36.26804554,36.78916893,37.54101372,1.065811126,97
58218,35.9674657,0.862237859,34.10249302,35.42601812,36.06403718,36.59637129,37.36336214,1.06425693,100
58210,36.01607464,0.837277676,34.19600193,35.48790008,36.12379971,36.6370296,37.33467514,1.069222774,93
58208,35.95963476,0.814147377,34.18367291,35.45029684,36.07100679,36.56664758,37.20550094,1.073230708,89
58202,36.29163831,0.860372135,34.42278365,35.75388064,36.39473979,36.92338525,37.67689742,1.06558463,98
58197,36.81362127,0.864277913,34.94988323,36.26947271,36.9090572,37.44589747,38.20202785,1.063510554,100
58192,36.58496413,0.848459621,34.75319303,36.05038635,36.68627213,37.20570725,37.92859784,1.067439145,96
58191,37.09942143,0.837640274,35.28324415,36.5760799,37.20026895,37.71469366,38.43070345,1.065405916,98
58189,36.22138461,0.821682331,34.44519914,35.70630029,36.33252343,36.83846363,37.47444069,1.072826882,91
58179,36.95919274,0.870850228,35.08928841,36.41412443,37.05582983,37.59623454,38.37630369,1.062439478,100
58173,37.09438546,0.855281344,35.23985357,36.56821929,37.19107175,37.71514034,38.47208337,1.065704135,97
58171,36.49739382,0.843614314,34.64503012,35.9789378,36.60222487,37.11393653,37.82293308,1.07017884,92
58169,36.04950635,0.822811953,34.24498296,35.54074766,36.16326967,36.66355424,37.30004749,1.074664486,87
58162,36.93830286,0.869392566,35.05681618,36.38865459,37.03395281,37.56852995,38.355017,1.064719891,99
58154,37.42303102,0.856968688,35.56997982,36.88379731,37.52042333,38.0477145,38.81361474,1.063592369,100
58153,37.02403754,0.851690679,35.16583187,36.48850598,37.12581601,37.64914174,38.38040039,1.067400349,95
58150,36.59171561,0.825141301,34.80984899,36.07593203,36.7032443,37.20930325,37.84983363,1.073326804,89
58149,36.65556234,0.834084467,34.86477586,36.13238269,36.76564498,37.27143259,37.95235061,1.071071026,91
58136,36.42017109,0.859761206,34.54122309,35.88511448,36.51245596,37.04869331,37.80677821,1.066268431,96
58133,36.10741593,0.843429927,34.28287516,35.57917478,36.21055113,36.72750625,37.44361883,1.069948323,92
58131,36.30105992,0.822290051,34.5048969,35.78507275,36.4115733,36.91719029,37.55127146,1.074901008,88
58128,37.03242509,0.847226494,35.1840507,36.50264908,37.13326344,37.65635732,38.38758375,1.066079664,98
58119,36.50106084,0.864355639,34.62203304,35.96103197,36.59941958,37.13102421,37.89810078,1.063519674,100
58116,36.58061045,0.847856073,34.7487569,36.05609647,36.67672199,37.2025009,37.93085341,1.065774248,98
58113,36.06980458,0.816200461,34.29860071,35.56372567,36.17955638,36.68173206,37.31431421,1.073267311,89
58112,36.37510764,0.827292783,34.58166579,35.85970404,36.4759678,36.98973536,37.66819212,1.071193951,91
58110,36.5740189,0.851886464,34.72292864,36.04523161,36.66794861,37.20016337,37.93831901,1.066745489,97
58102,36.67355868,0.852823314,34.81229937,36.14018887,36.768096,37.29767265,38.03771445,1.067397165,95
58101,36.62681583,0.839972733,34.79546977,36.103226,36.72915082,37.24721756,37.95603073,1.066759024,97
58099,36.07034318,0.815692075,34.29563607,35.55562414,36.18403589,36.68033429,37.32490102,1.071893783,91
58096,36.41480106,0.851918287,34.54696628,35.8825392,36.51345768,37.0419434,37.7555931,1.068209044,94
58091,37.0446436,0.866698372,35.16924416,36.51066267,37.14229953,37.68401812,38.42645474,1.06815911,94
58086,37.25430677,0.830161354,35.44842406,36.74081791,37.37417224,37.87489986,38.50334016,1.076849756,86
58081,37.41786907,0.866192043,35.5270028,36.8772236,37.51668171,38.05106856,38.81303864,1.066165212,96
58074,36.96439158,0.859824953,35.09411854,36.42560385,37.06484592,37.59686833,38.32325986,1.070531834,92
58073,37.37214809,0.84914737,35.53053685,36.83891611,37.47373011,37.99992233,38.71831538,1.069270167,93
58071,37.00838856,0.833704618,35.17389417,36.48180736,37.1233214,37.63237698,38.27666052,1.074717264,88
58068,37.21421865,0.857912296,35.35036443,36.67416474,37.31903466,37.84905026,38.55895209,1.068910052,94
58064,37.18739673,0.869502,35.29985427,36.64517476,37.28963463,37.82564872,38.58625221,1.06651604,96
58057,36.74881758,0.823206771,34.96697835,36.23048963,36.86731116,37.36905411,37.98721287,1.075899978,86
58045,36.50092086,0.838317806,34.66663801,35.98270322,36.59844427,37.11581859,37.8345709,1.065830771,97
58043,35.65278912,0.816536828,33.87392411,35.14581047,35.76239585,36.25848525,36.89945708,1.073511631,88
58029,36.26082015,0.817167054,34.48449212,35.74594076,36.37267182,36.87444088,37.50130339,1.075884831,86
58015,35.42495841,0.807750358,33.68600116,34.9175826,35.52763775,36.02841267,36.67791931,1.070231156,92
58001,36.14006141,0.802168229,34.38283205,35.63959559,36.25343085,36.74706865,37.34031233,1.074814139,88
57990,35.99404362,0.849068104,34.15598836,35.46236755,36.08916326,36.61050997,37.34799075,1.0664668,97
57987,36.01950479,0.823153746,34.22225277,35.49879999,36.12530263,36.63661681,37.28248176,1.072985477,89
57976,35.72822137,0.848466391,33.92003034,35.19703893,35.82171462,36.35204798,37.09308769,1.065008478,98
57973,35.51707487,0.813380544,33.74974804,35.00479462,35.62627996,36.12620714,36.76601787,1.072707874,89
57962,35.93127938,0.842913173,34.09103232,35.40455084,36.02887223,36.55343972,37.28283856,1.064637578,99
57959,35.44856475,0.816264041,33.67695372,34.94190115,35.56076844,36.05938259,36.70478916,1.072275014,90
57945,35.32211914,0.807274472,33.5674523,34.82401822,35.42381788,35.92289748,36.56927952,1.070722511,92
57931,35.16598556,0.802806943,33.41993572,34.65903899,35.2721815,35.76596018,36.40551567,1.069621398,94
57917,35.10589348,0.803675004,33.34220389,34.60205229,35.21140891,35.70595927,36.34446904,1.070597977,92
57903,34.84631857,0.801917275,33.11354032,34.33913783,34.95208036,35.44070524,36.09379246,1.071322013,91
57876,35.16832677,0.808301364,33.40128092,34.66993711,35.27254273,35.76912764,36.42317905,1.070931122,91
57862,34.15556587,0.793235261,32.42651418,33.65713016,34.25415359,34.74542979,35.39218388,1.069169762,93
57851,34.4089751,0.890141552,32.47310075,33.85549447,34.48739824,35.03950047,35.92544323,1.052548901,120
57848,34.53891641,0.792923796,32.82972334,34.03966119,34.64616903,35.13305051,35.75948513,1.070871104,91
57834,35.18553479,0.803078403,33.42906966,34.6823476,35.29367817,35.77841952,36.43149316,1.070826272,91
57820,34.5559327,0.794350638,32.83286101,34.05612808,34.66445127,35.14618866,35.77675992,1.07037553,92
57806,34.68450129,0.799176212,32.95896053,34.18129475,34.78851448,35.28489284,35.91589306,1.070785633,92
57792,33.85656392,0.783183081,32.16749415,33.36189953,33.95753108,34.4409811,35.08064454,1.068321917,95
57778,33.72433467,0.774053084,32.04279843,33.24046162,33.82990888,34.30297732,34.91047249,1.070328844,92
57764,34.37894493,0.800173731,32.64148186,33.87486764,34.48679667,34.97419442,35.61923863,1.070536709,92
57750,33.82516053,0.784666144,32.11826818,33.33403757,33.92565416,34.40781351,35.03966936,1.069290258,93
57736,33.47652918,0.774743641,31.7820411,32.98613571,33.57430494,34.0518581,34.68372283,1.066766013,96
57722,33.83716063,0.778748724,32.15018754,33.35438233,33.93749097,34.41143661,35.05833789,1.067206218,95
57708,33.11654277,0.769198833,31.42529148,32.63446471,33.2130683,33.68172161,34.33274823,1.065088963,98
57700,34.29682398,0.787627352,32.58736125,33.79691526,34.40086838,34.88404696,35.52312101,1.067980344,94
57687,34.31135657,0.78958821,32.58554631,33.81473905,34.40964072,34.90024248,35.54029571,1.067991639,95
57673,33.87080539,0.784019317,32.17197512,33.38391762,33.9692859,34.45850165,35.08730059,1.067759668,96
57659,34.85398776,0.802564623,33.10443885,34.35088534,34.95869131,35.45424085,36.08991369,1.069479406,93
57645,35.16128555,0.806973305,33.40322759,34.65147704,35.26740439,35.75985171,36.40917363,1.070671252,91
57632,35.1984875,0.809929554,33.42745185,34.68999279,35.30952838,35.80207923,36.45265907,1.07188685,91
57619,35.96062461,0.816884041,34.1733878,35.44667131,36.0668654,36.57464245,37.21943682,1.071794698,91
57606,34.9159464,0.804017331,33.15369001,34.41217633,35.01670922,35.5143934,36.16104611,1.071935569,90
57593,34.58403905,0.802426104,32.84231356,34.08300501,34.68917192,35.18115244,35.82242971,1.070314993,92
57580,35.45902483,0.814225114,33.69271341,34.95166871,35.5699976,36.06613036,36.71099716,1.072159429,90
57566,35.41988787,0.811620091,33.64407011,34.91432801,35.52867176,36.02733494,36.6697917,1.070553876,92
57553,35.37920508,0.811315169,33.6147601,34.87101371,35.48604205,35.98693602,36.61794978,1.071770306,91
57540,34.89117879,0.857492424,33.05903987,34.35018597,34.97725601,35.50811383,36.30661032,1.059555818,110
57527,34.7230524,0.798056842,32.98863875,34.22167473,34.82607535,35.31755545,35.95904358,1.070797935,92
57514,34.19517499,0.789087884,32.46810227,33.69958342,34.29685218,34.7816255,35.42354662,1.067740555,95
57500,33.98884873,0.790585393,32.27166648,33.49619799,34.08614468,34.57994127,35.21618784,1.06987263,92
57487,35.00468391,0.807754936,33.24424854,34.50127675,35.11086377,35.60619673,36.25042827,1.071791028,91
57478,34.56718169,0.915845612,32.59686718,33.98846655,34.65064072,35.21220713,36.1075252,1.05168048,120
57474,34.37334482,0.796377995,32.64926894,33.86829552,34.47923016,34.96578209,35.60067799,1.071502093,91
57461,34.49432083,0.803317002,32.7532569,33.98720679,34.59927621,35.0959424,35.73260084,1.071243922,91
57448,34.38580783,0.797560254,32.65386494,33.88068381,34.48968666,34.98310353,35.61367883,1.069707967,93
57435,34.39449872,0.800543865,32.65363469,33.89764514,34.5023302,34.99175643,35.63495591,1.070455887,93
57421,34.25000919,0.79215077,32.52333316,33.75580952,34.35343379,34.83801694,35.4829293,1.068861284,94
57408,34.89840068,0.799899784,33.17129912,34.39678083,35.00095709,35.491844,36.13944142,1.069276814,93
57395,35.40485248,0.820942746,33.62813446,34.88871415,35.51532882,36.020122,36.66294171,1.072035677,90
57382,34.538307,0.793112223,32.81628042,34.04145155,34.64401245,35.12932762,35.77580447,1.069080179,93
57371,34.87861138,0.860803613,33.02033064,34.33989257,34.9610283,35.49743293,36.32190448,1.056219863,110
57369,34.89255943,0.794773373,33.16042103,34.38884137,34.99811447,35.48275551,36.12985481,1.068148596,94
57354,35.3524259,0.812302762,33.57570847,34.84136431,35.46912761,35.95463223,36.60707563,1.072423338,90
57338,35.46221966,0.817875223,33.66998878,34.95147843,35.57250468,36.06962642,36.71475224,1.072062841,90
57322,34.57394113,0.808336338,32.80259609,34.07014667,34.67552408,35.18042339,35.81875655,1.072019556,89
57306,34.84177443,1.076405791,32.60495186,34.14702282,34.88611992,35.5860077,36.806855,1.035306636,160
57290,34.03007187,0.788746509,32.31498321,33.53176796,34.1292083,34.6139059,35.26650339,1.068283008,94
57275,35.20223286,0.817776761,33.42505986,34.69176899,35.31562224,35.81185131,36.46064705,1.072180094,90
57259,34.87332626,0.803803724,33.09833609,34.37322913,34.97837172,35.47164322,36.11569529,1.070958637,92
57243,35.79955385,0.817269238,34.02244584,35.2873687,35.90929987,36.40852185,37.06084824,1.070779808,92
57226,34.64954779,0.799987606,32.89397629,34.15432453,34.74939213,35.24669221,35.88073568,1.070005602,93
57214,35.03160229,0.940314241,33.04129737,34.43577241,35.10326187,35.69646389,36.6709903,1.048675088,130
57209,35.20310571,0.806536682,33.4476147,34.70173372,35.31174053,35.80639034,36.44778398,1.071673631,90
57192,35.53141676,0.81785619,33.74455028,35.01792905,35.63448701,36.14505454,36.79377854,1.072978246,89
57175,34.6946196,0.804585796,32.938708,34.19054661,34.79415764,35.29197777,35.94365414,1.07055253,91
57158,34.18639375,0.790241303,32.47243849,33.69198551,34.29143575,34.77025748,35.42292152,1.069274208,94
57141,34.49190374,0.79945458,32.73013285,33.99327178,34.59301687,35.08387697,35.73214723,1.070866926,91
57125,34.99496951,0.81359789,33.22021434,34.48736529,35.1007574,35.60323336,36.25419829,1.071393396,91
57108,35.26997636,0.811097587,33.50010466,34.76604589,35.38088104,35.87281162,36.52781788,1.071072134,91
57091,34.93066524,0.804699769,33.18113659,34.42566718,35.03923508,35.5378335,36.17370913,1.070250685,93
57074,35.17237193,0.795316102,33.44007426,34.6798182,35.27622776,35.77088062,36.38065906,1.070614741,92
57057,34.27346524,0.798962146,32.52924309,33.77847436,34.37444836,34.86642993,35.51636784,1.069422294,93
56953,34.43243549,0.795067883,32.70572182,33.93105094,34.53275873,35.02105624,35.67035437,1.06981231,93
56941,33.8008471,1.021925118,31.65651262,33.14241969,33.85031231,34.5114565,35.66322436,1.038148873,150
56929,33.6571083,0.789867071,31.93778451,33.1609889,33.75519165,34.24414396,34.8904921,1.067040185,96
56917,33.98530006,1.017125579,31.83887932,33.34352083,34.0367469,34.69441085,35.82756267,1.037039874,160
56905,33.77024389,0.784446483,32.0719355,33.27655205,33.86748355,34.35449388,34.99225403,1.067898699,94
56893,34.13500088,0.793325233,32.39137271,33.63353072,34.23947612,34.72572917,35.3596999,1.070722192,92
56880,33.97964934,1.030319584,31.81598797,33.32359011,34.04339768,34.69288838,35.85798677,1.041417975,140
56868,34.27303965,0.79135597,32.54671932,33.78049702,34.37438792,34.86244528,35.50460031,1.067648172,96
56856,33.82581811,0.785516649,32.11043001,33.33398222,33.92588122,34.40844162,35.05489173,1.067690046,96
56821,34.00106326,1.240422651,31.47129468,33.19403004,34.03821938,34.84504326,36.3530325,1.024280521,230
56786,33.55890726,0.78294101,31.8516555,33.07165714,33.65907674,34.13841888,34.78191639,1.067792774,95
56752,34.04120637,1.238987641,31.5112334,33.23122763,34.0777708,34.88516815,36.39138172,1.027136892,200
56718,34.19811611,0.790629245,32.47598092,33.70087932,34.29903662,34.78538702,35.4379269,1.067708553,95
56686,33.50198273,0.775572464,31.82337417,33.01514992,33.60044722,34.08155048,34.70486375,1.068407885,94
56621,33.24069896,0.777426147,31.53814424,32.75472515,33.33414251,33.82166339,34.45734639,1.065748457,97
56601,33.66104113,1.057109342,31.45699025,32.97596955,33.71006309,34.39623974,35.58588533,1.033527687,170
56588,33.45888237,0.778249956,31.7547718,32.96674794,33.55134014,34.03806607,34.68110658,1.066438932,96
56555,33.75553671,0.78700156,32.04230523,33.26141513,33.85725435,34.33630683,34.98086203,1.067952508,95
56360,36.04667516,1.460205473,33.08190229,35.09544499,36.07119356,37.03291847,38.85127561,1.017603531,310
56262,33.8155029,0.868226511,31.92923107,33.26794987,33.89367115,34.44476105,35.26132827,1.054628025,110
56197,33.28267031,0.861162455,31.41667864,32.74149126,33.35976189,33.89762113,34.72716861,1.054442821,110
56138,34.5550922,0.807105617,32.79549384,34.05150615,34.6591075,35.1536735,35.81085091,1.06968258,93
56120,34.59561793,0.784670013,32.87353988,34.09640004,34.70494897,35.18532586,35.79755003,1.07126922,91
56119,34.58804673,0.825297679,32.76087414,34.0726044,34.68227771,35.19205121,35.9257714,1.063445096,100
56109,35.06500464,0.80115274,33.28790833,34.56795409,35.17214931,35.65444504,36.30526027,1.068629553,94
56099,34.12084718,0.78158911,32.40684644,33.62909248,34.2289228,34.70499792,35.32274762,1.069267299,94
56098,33.71226631,0.779821712,32.00146152,33.224851,33.81316667,34.29517446,34.90747096,1.069679894,92
56086,33.7125799,0.785112905,32.0004815,33.22004656,33.81143331,34.29163986,34.9390491,1.06701313,97
56079,34.10336212,0.902475164,32.17633935,33.53333589,34.17573211,34.74428598,35.66217378,1.05071137,120
56075,34.33741051,0.835452123,32.51546782,33.81354793,34.42248492,34.94489801,35.7055525,1.060239918,100
56064,34.9254504,0.802027459,33.17215658,34.42216746,35.03466335,35.52953582,36.15059261,1.070497309,92
56060,34.49490198,0.796337141,32.75820383,33.9972698,34.60091709,35.08614711,35.72441585,1.071408406,91
56052,33.92200744,0.786882516,32.21612616,33.43200654,34.01856371,34.50531691,35.15788669,1.067103278,96
56041,33.4666221,0.77872092,31.78185345,32.97520117,33.5656844,34.0435662,34.67741423,1.067796528,95
56040,33.58477296,0.813420267,31.82549579,33.07261838,33.67621939,34.1763242,34.90646002,1.060734458,100
56032,33.94326256,0.784346408,32.23338757,33.45316556,34.04451257,34.52249456,35.16559442,1.06866136,94
56020,33.94097402,0.778646189,32.23798221,33.45145651,34.04354626,34.51974509,35.15519531,1.067769337,95
56018,33.95313349,0.77983739,32.24412117,33.46092904,34.05529889,34.53345377,35.16385272,1.069539009,93
56007,34.4411625,0.795861019,32.70501484,33.94158022,34.54500675,35.03542966,35.67455254,1.06971408,92
56000,34.62073289,0.945663637,32.61737153,34.01972314,34.68676287,35.28198348,36.28483684,1.046634747,130
55993,34.76750961,0.849614768,32.92995922,34.23301573,34.85720157,35.38368648,36.164068,1.059513903,100
55985,34.49992765,0.812779463,32.72360592,33.99715125,34.60215661,35.09006712,35.79911091,1.065896602,97
55983,34.33348832,0.832815955,32.52721873,33.80584712,34.42837896,34.94146488,35.69280284,1.062148382,100
55981,34.44808038,0.790656431,32.72678028,33.96062825,34.55224995,35.04517842,35.65147163,1.0723062,91
55975,34.79839001,0.838327507,32.96620501,34.28074629,34.89269132,35.4079185,36.16116746,1.064511748,98
55971,34.98349548,0.807166535,33.23623502,34.48013965,35.08842566,35.58035836,36.24554243,1.069149749,93
55970,34.93059424,0.831772913,33.12327008,34.4070981,35.02917278,35.53895317,36.27202956,1.064789778,98
55966,34.72225807,0.825324972,32.92259219,34.19619008,34.82324397,35.33206169,36.03751969,1.066717097,96
55965,34.80265698,0.787938848,33.07915338,34.30975504,34.92069399,35.39369502,35.98390249,1.074206481,88
55961,34.83797787,0.877408326,32.93872696,34.29359875,34.92164849,35.465889,36.31247134,1.059333095,110
55959,34.73074466,0.856686713,32.87077269,34.19821331,34.82048446,35.35124593,36.12611161,1.062275724,100
55957,34.8304779,0.781367366,33.10856596,34.34466289,34.94844492,35.42389139,35.9890883,1.075981953,87
55956,34.48559106,0.806104786,32.73110793,33.98974747,34.59232277,35.08649105,35.72802403,1.071360123,91
55954,34.71363129,0.819246383,32.95193619,34.19652477,34.81114642,35.31733813,36.00913618,1.06587618,98
55950,34.65309627,0.832732962,32.83747073,34.12930986,34.75103624,35.26798233,35.97293646,1.066197634,97
55948,34.56138028,0.825230973,32.75130209,34.04457736,34.6641727,35.17492326,35.85311381,1.070946037,91
55946,35.38504482,0.79438405,33.64220072,34.88230546,35.50544857,35.99153049,36.55163843,1.076876441,86
55944,35.6496361,0.819224607,33.84713801,35.14014531,35.76288405,36.26283805,36.91177776,1.069824637,93
55942,35.18093061,0.813260125,33.40026083,34.67569713,35.29254709,35.79636102,36.40969638,1.075372739,87
55934,38.73710277,0.933188296,36.70355033,38.16245339,38.84512503,39.4227446,40.21195731,1.068767638,94
55932,39.908556,0.875344346,37.99089367,39.36067412,40.0437071,40.57839623,41.17996506,1.084066972,80
55930,40.45450819,0.871122667,38.5441093,39.91163209,40.59112076,41.12099685,41.69740951,1.083123622,81
55927,40.66560928,0.847341653,38.78861643,40.14349925,40.80536637,41.3206782,41.84390029,1.084171698,80
55926,40.46265207,0.866530061,38.54432108,39.92897234,40.59498377,41.11411622,41.7254028,1.078354973,85
55924,40.14938166,0.872355312,38.24496639,39.60510575,40.28750002,40.81367736,41.40417139,1.083620916,80
55920,39.7974027,0.960719543,37.70979517,39.20002061,39.90166649,40.49676082,41.35566592,1.064050896,98
55917,39.38677635,0.956919809,37.31096584,38.79583944,39.49193349,40.07832372,40.95395265,1.064699844,98
55914,39.27513384,0.863582575,37.3709921,38.73290477,39.40755373,39.93249049,40.52473325,1.082730738,81
55907,39.61815353,0.952636141,37.55318133,39.02048152,39.72016018,40.30427174,41.16787235,1.063635035,100
55904,39.73668836,0.863801833,37.85405067,39.1963454,39.87026305,40.39708274,40.98550993,1.082823315,81
55901,39.73820272,0.877633052,37.84032574,39.19360368,39.87325355,40.40163831,41.03249424,1.081738568,82
55899,39.75287857,0.933192909,37.72539184,39.17740701,39.87209123,40.42978441,41.2479625,1.068338511,95
55898,39.60942195,0.943748108,37.57099127,39.02473825,39.71858217,40.29408106,41.14385947,1.066219104,97
55894,39.80298596,0.858666019,37.93062002,39.26552413,39.92940202,40.45379979,41.07728987,1.078397929,84
55891,39.46115275,0.916887074,37.46402557,38.89943406,39.55752251,40.13083506,40.93903769,1.066983795,96
55888,39.27974494,0.845819711,37.42618366,38.75377232,39.41146658,39.92493356,40.49774019,1.081810735,82
55885,38.2912408,0.849497981,36.43704354,37.76196696,38.42244244,38.9359894,39.54379713,1.079402111,84
55882,39.20402199,0.88031294,37.2977428,38.66196227,39.31107694,39.84759474,40.60271451,1.071113257,91
55872,38.64262213,0.898245299,36.67782524,38.09493968,38.74569165,39.29700513,40.07312817,1.069031366,94
55869,38.54465499,0.885897787,36.62049965,37.9955673,38.64790228,39.1948013,39.95186919,1.069966195,93
55865,37.84023914,0.833411677,36.02761605,37.32023221,37.96616419,38.4706876,39.08070359,1.078742654,84
55859,38.37668381,0.881268358,36.46728641,37.82106312,38.48946138,39.02451049,39.77107335,1.068181768,95
55853,37.74356032,0.840273126,35.91101368,37.21856238,37.86649507,38.37591428,39.00327391,1.077016347,86
55849,37.03413271,0.928651761,35.02248954,36.46246482,37.1202762,37.69863236,38.58908613,1.058683732,110
55848,36.95503885,0.9360162,34.94160782,36.36938883,37.03699343,37.62374549,38.52152381,1.058012668,110
55846,36.91671206,0.940043576,34.88093056,36.33095852,37.00406839,37.58747447,38.50530263,1.057636519,110
55843,36.85426967,0.876774268,34.95536093,36.30148956,36.95275382,37.4905685,38.26453378,1.066171558,97
55833,36.65385651,1.026581459,34.49934907,36.00419016,36.72654976,37.37235536,38.47899863,1.044178831,140
55822,36.35111008,0.825202036,34.55120541,35.83631811,36.46576819,36.96727967,37.61450294,1.071160177,92
55820,36.38252808,0.840704579,34.56462553,35.85701227,36.4882574,37.00341461,37.70289696,1.068771473,93
55817,36.13494848,0.83533665,34.31734493,35.61615499,36.23653037,36.75551058,37.44861596,1.069730264,93
55815,35.97183342,0.887237849,34.05369836,35.41755559,36.06022593,36.61368412,37.42938769,1.060517495,100
55805,35.48869972,0.842163592,33.66580467,34.96271045,35.59492495,36.1111533,36.81504944,1.069223426,93
55803,35.82698431,0.876835885,33.93991895,35.27030049,35.92150655,36.45951266,37.2588294,1.06165743,100
55800,36.40530061,0.881808955,34.51148355,35.8444092,36.50265798,37.04245617,37.85404467,1.060328522,100
55798,36.68991087,0.840647531,34.87713148,36.16625008,36.79116451,37.30674425,38.02362222,1.06666893,96
55796,35.79928061,0.83814519,33.99712679,35.26784782,35.90474344,36.42166879,37.12381903,1.071008622,91
55794,35.79169766,0.892105429,33.84897854,35.24190838,35.88082173,36.43158605,37.27087514,1.059967913,110
55788,36.04074604,0.974384216,33.95829094,35.4179317,36.11609087,36.72920489,37.74189898,1.047755975,130
55781,35.70583955,0.824238905,33.89657075,35.19082462,35.8107732,36.31949992,36.97418526,1.072226446,90
55776,36.02516866,0.857232743,34.16414979,35.48718192,36.12200596,36.64998368,37.40331198,1.062135723,100
55774,35.25998249,0.866652784,33.38574078,34.71658035,35.35940646,35.8951836,36.65438184,1.064866497,99
55772,36.72738489,0.865387736,34.84681453,36.18711554,36.81652806,37.35504392,38.14990808,1.058029144,110
55765,36.15931731,0.863177562,34.28266873,35.61499769,36.26029434,36.7881846,37.54947629,1.063943722,100
55761,36.25877624,0.88597337,34.35793953,35.70390761,36.35575399,36.89918572,37.71477148,1.059559158,110
55759,36.23027672,0.850580669,34.38601017,35.69984705,36.33212969,36.85524494,37.5857774,1.065528409,97
55753,35.33652825,0.872268142,33.44488698,34.79333517,35.4400537,35.96982029,36.74741627,1.066380359,97
55749,36.37825005,0.875658204,34.48257817,35.82555343,36.46668986,37.01580356,37.81475307,1.062061303,100
55741,36.35695086,0.976160636,34.26041882,35.74084474,36.43017652,37.0417771,38.0516997,1.049185094,120
55739,36.26282652,0.971192118,34.19025898,35.64618124,36.33864417,36.941823,37.94795968,1.049726224,120
55734,35.73696192,0.870873505,33.8359744,35.18991565,35.83329398,36.36252535,37.15680239,1.064263967,99
55732,35.31962684,0.873694785,33.42645563,34.77456046,35.41126832,35.9511563,36.74602455,1.064463612,99
55722,36.19203741,1.018976329,34.04382766,35.5476258,36.24951077,36.89934578,38.0115216,1.04299848,140
55715,36.51361841,0.955960656,34.47833088,35.907848,36.57992114,37.18697455,38.18534485,1.046888511,130
55712,36.89847331,0.874597035,35.02315226,36.3476207,36.98609079,37.5295356,38.34908221,1.056723863,110
55710,35.81886806,0.868606551,33.92729108,35.27701324,35.91453158,36.4502451,37.23794564,1.062845194,100
55708,35.33560306,0.873384468,33.42986275,34.78827081,35.43196421,35.97097525,36.7637183,1.063459282,100
55698,36.14421118,0.837592154,34.30526861,35.62574823,36.25032755,36.76169875,37.44630682,1.068580099,94
55697,35.92598892,0.826534998,34.12205156,35.4135172,36.03660755,36.54497121,37.17975099,1.073731746,88
55686,36.24397941,0.863937516,34.37837885,35.7047334,36.33791746,36.87450868,37.64967996,1.062737926,100
55679,36.20337576,0.871033736,34.3075181,35.6654405,36.30428468,36.83596705,37.61175615,1.064817237,99
55674,36.62859529,0.850119975,34.77610589,36.08824276,36.73441305,37.25648557,37.96117654,1.067921343,95
55673,36.6729509,0.88179011,34.76893397,36.12308556,36.76558787,37.3155149,38.10285848,1.062272078,100
55660,36.95444997,0.885727416,35.0304262,36.40219629,37.04793586,37.59710634,38.41418654,1.063173348,100
55649,35.68272627,0.827927816,33.85870912,35.17528216,35.79185157,36.30084298,36.95298485,1.073811826,89
55644,36.19851838,0.870941916,34.2983986,35.65558383,36.29481336,36.8355451,37.60731569,1.062093131,100
55628,37.06003416,0.891847742,35.13617501,36.50685338,37.15353459,37.70571353,38.52768197,1.063607998,99
55622,37.40178087,0.87951219,35.47258251,36.8555011,37.50265807,38.0408799,38.81736892,1.066460571,96
55619,37.39335018,0.952196188,35.34434288,36.80282777,37.47927814,38.06883223,39.02276999,1.055658285,110
55607,36.29018348,0.885464687,34.36584198,35.73759657,36.38939554,36.93179276,37.73770173,1.061998757,100
55594,35.94252645,0.823496884,34.15220822,35.42874224,36.05341466,36.56053947,37.20091779,1.073207791,89
55589,35.86639833,0.824675458,34.05039704,35.35420559,35.97792824,36.48279768,37.1289891,1.072880209,90
55560,37.12724349,0.839415724,35.30468537,36.60484366,37.23898392,37.75324593,38.42606899,1.07391243,88
55553,36.48786205,0.881325824,34.59350017,35.93967643,36.58759387,37.12963724,37.90979415,1.065493815,98
55550,36.76421436,0.881146337,34.87370936,36.22112594,36.85323937,37.40662206,38.18873449,1.064343437,99
55520,36.30292976,0.839433817,34.47548272,35.78140837,36.4171728,36.92726014,37.59860564,1.072183673,91
55485,35.80941967,1.28591792,33.16998642,34.98064024,35.85535279,36.68945456,38.21406426,1.027844961,200
55450,35.83130527,0.830766467,34.02307808,35.31534685,35.94182792,36.44995347,37.12158243,1.073645827,88
55448,35.96879516,0.927880947,33.97617453,35.39750063,36.05066938,36.62685709,37.53881114,1.059181091,110
55411,35.39955402,1.294080169,32.75617007,34.56396441,35.43822924,36.27836904,37.81578031,1.027274351,200
55376,35.51134763,0.82256874,33.71812473,34.99777697,35.6238618,36.12382863,36.78320008,1.070114991,93
55345,35.0851776,1.263116813,32.49859717,34.26666648,35.12179136,35.94551119,37.47090759,1.027185272,210
55332,34.83393702,1.314290157,32.17333263,33.97201372,34.86476953,35.73898305,37.31121976,1.02497111,220
55257,36.55638375,0.897727576,34.59787581,35.99451414,36.65301515,37.20519115,38.04179956,1.060347077,100
55197,35.78637035,0.803346584,34.01660929,35.28449016,35.9030325,36.3893706,36.98488691,1.074507717,88
55138,35.49201874,0.793593857,33.75887795,34.9987017,35.60261381,36.08804852,36.68710858,1.073233255,89
55079,35.86259992,0.801953602,34.08756329,35.36523844,35.97916907,36.46789005,37.06110234,1.074995035,87
55021,36.47566052,0.891511602,34.54527027,35.92612924,36.56462831,37.11659112,37.93916485,1.058564849,110
55011,36.40770512,0.839521232,34.5806734,35.88648581,36.51780711,37.03512304,37.69771232,1.071261576,91
54963,35.98036221,0.896870778,34.05711592,35.41991609,36.06992669,36.62689638,37.46834972,1.060096495,100
54936,35.56976596,0.823837558,33.76765263,35.05683648,35.67632065,36.18349667,36.84325963,1.069794802,93
54916,36.41006098,0.891414724,34.4608142,35.8572352,36.49836407,37.04892355,37.89373283,1.059276593,110
54895,35.95168719,0.823955758,34.13909728,35.44083652,36.05416908,36.56094791,37.23264942,1.070756778,91
54865,36.13918989,0.882017801,34.23127341,35.59639855,36.221776,36.77310556,37.59612686,1.059303509,110
54853,35.70124225,0.827553461,33.88626766,35.19235489,35.81284669,36.31374386,36.98353077,1.071138681,91
54777,35.59245226,1.102514521,33.31348162,34.89310401,35.63774035,36.35304394,37.59078712,1.040871004,140
54769,35.96570106,0.896015206,34.04112894,35.4081877,36.0489123,36.61524332,37.45324425,1.06034133,100
54696,35.99912959,0.835974326,34.18526388,35.4790388,36.11307868,36.62135956,37.28294863,1.071495095,91
54684,35.87609827,0.820424533,34.07555646,35.36244153,35.98959725,36.48498486,37.14321918,1.071419054,91
54683,35.6448027,0.83753612,33.80240087,35.13128656,35.75109991,36.26487105,36.95041147,1.069191816,93
54660,35.68061108,0.826919839,33.87250078,35.16570002,35.78889057,36.2956775,36.95393998,1.072178629,90
54644,35.58764948,0.828165964,33.7865306,35.07117782,35.69863654,36.20575569,36.86989172,1.071177415,91
54620,35.89708856,0.832833256,34.08735927,35.37870065,36.00827687,36.51634986,37.18653544,1.071410814,91
54604,35.93323386,0.82861079,34.11758308,35.41453017,36.03615155,36.54368661,37.24809232,1.068203192,94
54603,35.59920856,0.818328265,33.81116136,35.09174972,35.70115887,36.21329355,36.87026237,1.07082465,92
54579,36.66099859,0.840756893,34.82503767,36.13588358,36.77480302,37.28728822,37.95472563,1.072289063,90
54563,36.14692578,0.837166179,34.3292326,35.6261037,36.25850317,36.76947418,37.44871447,1.07124082,92
54535,36.50223195,0.845380347,34.65882245,35.97363997,36.61611328,37.12833057,37.80039627,1.072375628,90
54525,36.82312892,0.871544301,34.93577218,36.28820473,36.93181831,37.4629189,38.19987453,1.070592865,92
54523,37.16987659,0.848857242,35.31193921,36.64209434,37.28771661,37.80510145,38.46791994,1.074567736,88
54499,36.83430727,0.846195547,34.98302277,36.30757472,36.94479336,37.46628468,38.12390922,1.072303125,91
54483,37.19695429,1.193622481,34.73381671,36.42886401,37.2396543,38.01587855,39.42083392,1.033008497,170
54458,37.18558812,1.168812769,34.75216959,36.44193589,37.23595508,37.99726658,39.33949535,1.033010853,170
54444,36.22727363,0.875541872,34.32416989,35.67829748,36.32581804,36.86544017,37.64428381,1.063730228,100
54440,36.46947182,0.841809461,34.63478196,35.94596712,36.58285666,37.09875699,37.76117594,1.072664665,90
54413,36.75362708,0.846756606,34.92162805,36.22749995,36.86939054,37.3837361,38.06099945,1.073005264,89
54355,36.31926284,0.835923961,34.49262061,35.79530345,36.42847426,36.94153946,37.61128522,1.071392116,91
54328,36.92780986,1.247271102,34.39418023,36.11219837,36.97011799,37.77455222,39.29337394,1.027297573,200
54292,35.80497952,0.825746324,34.00494708,35.2907622,35.91913683,36.41547882,37.07709764,1.071160981,91
54283,36.11834301,1.046326089,33.91403432,35.44643055,36.17356877,36.85325468,37.97514904,1.040084071,150
54266,36.45736997,0.842428385,34.60426078,35.9337821,36.56026381,37.07829853,37.78279682,1.068879177,93
54265,36.31386499,0.833464049,34.47651383,35.79508311,36.4217503,36.93191858,37.60040002,1.07154203,91
54251,36.41115376,0.846367732,34.56012218,35.89170802,36.5218076,37.04148593,37.71273416,1.073668319,89
54233,36.86168505,1.158288164,34.47072249,36.11662108,36.90819447,37.66394116,38.97803839,1.030628812,190
54211,36.42812216,0.84005875,34.59676621,35.90470331,36.54217933,37.04863777,37.73713163,1.071792067,90
54197,36.58389052,0.893774636,34.63322442,36.02706789,36.68876387,37.23369499,38.03833782,1.063629739,100
54188,36.96713912,0.85022998,35.11441204,36.4363379,37.07889579,37.60615834,38.27403101,1.072834489,90
54170,37.08824016,0.850851434,35.22830669,36.55775483,37.20404816,37.71978262,38.39168689,1.073230746,89
54157,37.18344366,1.135717454,34.80662996,36.46256898,37.24298933,37.9614253,39.24217334,1.038270252,150
54134,37.23706512,0.855649716,35.37227425,36.70783859,37.35465349,37.87650954,38.53695034,1.074660167,88
54125,36.71346751,0.842829129,34.86756946,36.1882084,36.82692453,37.34193451,38.00294791,1.073399291,89
54116,36.88246916,0.843733475,35.05831195,36.34735285,36.9929668,37.51742817,38.1731,1.073622079,88
54107,36.98328726,0.833281321,35.15631671,36.46072337,37.09893721,37.60737296,38.25032972,1.073737383,89
54098,36.23194392,0.830299197,34.41839953,35.71091779,36.34456299,36.84916031,37.5062514,1.070875285,92
54089,36.35808298,0.825287166,34.53624045,35.84385426,36.47270268,36.97532279,37.61115121,1.073718131,89
54080,36.7273952,0.838944886,34.89067049,36.20645875,36.84581345,37.35279546,38.00517037,1.074736122,88
54067,37.73329107,0.855784272,35.85290402,37.20296248,37.84808213,38.37276858,39.03280378,1.072248148,91
54062,37.48312492,0.849256434,35.6287087,36.95599876,37.60268538,38.11491173,38.77468306,1.073067543,90
54060,36.54375177,0.879261215,34.64116936,35.99837904,36.65433141,37.19582203,37.92343003,1.070208903,92
54054,36.48199578,0.894484554,34.52881067,35.92580419,36.58260298,37.13681033,37.904244,1.067429921,96
54053,36.92801234,0.889165412,34.98948124,36.37444676,37.02670999,37.57662199,38.35531424,1.066560692,96
54052,36.74953873,0.892564524,34.79473254,36.19412195,36.8573887,37.40285681,38.17426222,1.067860121,95
54051,37.58558281,0.887749788,35.64388227,37.03560757,37.68717369,38.23427983,39.00260627,1.064510201,99
54050,37.68520134,0.887068022,35.74025566,37.12984798,37.79311598,38.33195103,39.10362033,1.065553448,98
54048,37.58018844,0.888010199,35.62483007,37.03278416,37.68864326,38.23654712,38.98340292,1.070292421,92
54045,38.41987169,0.854372777,36.55273723,37.89151777,38.53844557,39.05957574,39.72093295,1.07361014,89
54044,38.21654535,0.865047915,36.33760662,37.68497376,38.33324826,38.85718505,39.55170146,1.072096962,91
54042,38.15462465,0.875183731,36.23621902,37.61468276,38.26295224,38.79865509,39.53844745,1.068498517,95
54038,37.55903756,0.843992684,35.71043109,37.03786201,37.67836903,38.19406995,38.82937223,1.076077918,86
54035,38.26467366,0.84800307,36.418005,37.73956648,38.38349908,38.89322353,39.56361202,1.072850835,90
54032,37.91357126,0.902209752,35.96381099,37.34449618,38.01678927,38.56793642,39.38843954,1.061870934,100
54029,37.48421877,0.847180902,35.63831984,36.95734512,37.60213036,38.11708176,38.77896682,1.073777631,89
54024,37.70847854,0.848301274,35.84363155,37.17951962,37.82410058,38.34281363,38.99877185,1.072722285,90
54021,37.29170421,0.845941333,35.44266619,36.76279497,37.4073971,37.92393464,38.58004103,1.073445633,89
54018,37.45770728,0.873847564,35.55430953,36.91320652,37.56304136,38.09893665,38.84689627,1.06855604,94
54010,37.24757342,0.844725279,35.39667382,36.72296955,37.36288655,37.88217256,38.5294668,1.072910894,90
54008,36.63789871,0.850936149,34.77732656,36.10894404,36.75680865,37.26917081,37.93000858,1.074507119,88
54007,36.77164765,0.838122033,34.9193363,36.24727568,36.8855705,37.39942181,38.04716803,1.073926648,88
54004,37.20186034,0.845315543,35.32930536,36.68091701,37.31818112,37.83083791,38.48838311,1.073366603,90
54000,37.25577437,0.84391937,35.40046281,36.73674585,37.37582849,37.8834008,38.53897534,1.07400718,89
53998,37.43023334,0.839409466,35.5946087,36.90856598,37.54551964,38.0593398,38.690495,1.076292214,86
53991,37.60606443,0.847684074,35.76253072,37.07616324,37.71621143,38.23433649,38.92772382,1.070772102,92
53972,39.07534947,0.87737433,37.16830751,38.52848299,39.1970552,39.73198378,40.40922488,1.076473864,86
53969,38.19441262,0.898201985,36.22336871,37.63297176,38.3101005,38.85507256,39.59350046,1.074224163,88
53965,38.26096103,0.864803292,36.36195359,37.72541058,38.3848977,38.90254671,39.5818571,1.075439029,87
53963,38.2696759,0.883529402,36.33127334,37.72745384,38.38384063,38.92200924,39.65329884,1.069583706,93
53946,37.63304629,0.856174408,35.76734638,37.0959151,37.75126496,38.26854179,38.94626531,1.072210475,90
53936,37.23018523,0.845751899,35.37295781,36.71036837,37.34070301,37.86216369,38.52188316,1.072302027,90
53926,36.80376956,0.838497802,34.97082412,36.28241556,36.91728467,37.42593634,38.09139815,1.073265061,88
53914,36.68785806,0.83715684,34.86139404,36.16902593,36.80140033,37.30637455,37.98396289,1.071863944,90
53903,36.70948295,0.834908354,34.86477719,36.19402701,36.82664197,37.33294363,37.98348104,1.0732044,89
53901,36.73057931,0.838243993,34.88839452,36.20873645,36.84757539,37.35569714,38.00854772,1.072072002,91
53891,36.5862781,0.844790562,34.74235596,36.05899661,36.69844482,37.21744749,37.88943952,1.072045726,90
53871,36.18631929,0.84003452,34.34467286,35.66871767,36.29472614,36.81376186,37.48055805,1.072340393,90
53862,36.22513803,1.086397126,33.92975946,35.54361515,36.29158894,36.97562995,38.17601578,1.038847327,150
53837,36.66633443,1.016740876,34.51083463,36.02022708,36.74506264,37.37352513,38.46194628,1.047840589,130
53832,36.80717344,0.847607292,34.96632607,36.28004756,36.9272535,37.43801777,38.10415901,1.072889419,90
53819,36.87268863,0.847927803,35.01400735,36.34988843,36.98603645,37.49842267,38.18786954,1.073404748,89
53680,38.01665848,0.916773336,36.03033752,37.44957216,38.12002945,38.67933169,39.50990138,1.066015726,97
53673,38.53241088,0.864776886,36.63246485,37.99674767,38.65546022,39.17428935,39.85095133,1.073129063,90
53667,38.07814117,0.907543644,36.09048087,37.52014689,38.18065147,38.73980918,39.54556542,1.066498165,96
53652,37.87135425,0.854537184,36.00284744,37.34507858,37.98653528,38.50809245,39.18497345,1.072591117,90
53646,37.25211061,0.852997631,35.39358789,36.72118436,37.36387833,37.88886945,38.55343898,1.072683285,90
53613,37.43062822,0.847661662,35.5741227,36.90306355,37.54603511,38.06125695,38.73924027,1.07081579,92
53605,37.68715749,0.860250117,35.79201423,37.15140882,37.80692009,38.32721714,39.00583849,1.074167313,88
53590,38.54764452,0.868827275,36.62730632,38.00432164,38.66846756,39.1941582,39.88389114,1.073174256,89
53572,38.57188684,1.146213394,36.16418052,37.83848316,38.62445647,39.37315357,40.66456079,1.039091885,150
53555,38.49525731,0.863629878,36.58279146,37.96158973,38.61149096,39.14149721,39.81325741,1.07503414,87
53551,37.5621629,0.854605455,35.68490005,37.03226511,37.68285429,38.20089037,38.86206729,1.076330016,86
53546,37.21224924,0.850220113,35.33485839,36.68194376,37.32631783,37.84586157,38.51572393,1.072469011,90
53542,37.55475001,0.92598832,35.5531855,36.98322137,37.6411741,38.21824071,39.09436965,1.059702168,110
53538,37.94021719,0.85022185,36.06710208,37.41321335,38.05415934,38.57401439,39.23534573,1.074274172,88
53534,37.7515499,0.852465299,35.88080003,37.22171948,37.8648218,38.38925754,39.06248085,1.07503766,87
53525,37.18839363,0.847111387,35.34764275,36.66234409,37.30194954,37.81442775,38.49622445,1.072049911,91
53513,36.55964276,1.031960255,34.36319036,35.90779125,36.62754224,37.2861484,38.37257217,1.044264637,140
53504,36.507215,0.843505886,34.65717093,35.98607742,36.61875817,37.13123339,37.80646674,1.070907599,92
53494,36.51566182,1.045708726,34.27428777,35.85625013,36.58885647,37.24056589,38.37179452,1.04481288,130
53483,36.8002061,0.841609603,34.94796357,36.28026456,36.90715116,37.4196489,38.11862497,1.070189376,93
53473,36.59301799,0.8361035,34.75354035,36.07244646,36.70174837,37.21627144,37.88266065,1.071459727,91
53464,36.58006302,0.840974449,34.73237814,36.0553229,36.69477008,37.20285946,37.88412582,1.071256528,91
53453,37.17569037,0.852546234,35.30829014,36.63882441,37.29548752,37.80680148,38.48650038,1.073292897,89
53443,37.85077413,0.860708818,35.94962046,37.31924753,37.9658255,38.49107274,39.17488258,1.073577007,89
53434,37.80499473,0.857021134,35.91455847,37.27449007,37.91901459,38.44254313,39.12177285,1.072591198,90
53422,37.22122933,0.846022448,35.37689404,36.69877174,37.33438783,37.85156064,38.53016767,1.071251129,92
53413,37.5163733,0.850498555,35.66375582,36.99332906,37.62656816,38.15139771,38.82522445,1.072363233,90
53404,37.70292526,0.861543521,35.79961178,37.17156742,37.82143365,38.34798675,39.01388442,1.074050976,88
53385,37.75071935,0.867247168,35.847842,37.21136685,37.86937116,38.39386701,39.07786769,1.073087609,90
53343,37.38946644,0.860305434,35.50656147,36.85840945,37.50992314,38.02167223,38.71673549,1.074072737,88
53304,37.46634325,0.864737084,35.579868,36.93086065,37.58571043,38.10960875,38.80112874,1.072797969,90
53262,39.16209575,0.891222004,37.20236251,38.61119755,39.28417267,39.82049628,40.53527674,1.075233876,87
53229,37.46510031,0.859773125,35.56609035,36.92896277,37.57905804,38.10242508,38.7953823,1.072322047,90
53200,36.69316329,0.846602601,34.81602114,36.16721915,36.80706981,37.32001715,38.01030763,1.069546755,93
53162,38.4237534,0.87073658,36.51055579,37.88481438,38.53948647,39.07024818,39.76782746,1.072492649,90
53123,37.73394075,0.867224234,35.81928041,37.19712555,37.85350507,38.37974238,39.0716832,1.072811853,90
53084,37.41793665,0.854013257,35.5633104,36.89276585,37.52551051,38.05258,38.74141363,1.070756568,92