age,mean,sd,2.50%,25%,50%,75%,97.50%
58776,928.9788951,50.78212971,830.2335151,895.0400162,928.5418092,962.7652183,1029.982677
58759,911.8019526,80.48977364,766.2837156,855.5651534,908.2478091,963.9139861,1076.520094
58741,887.9054291,96.1126571,712.1774871,821.7468152,882.0824318,949.3224045,1091.784029
58724,873.8630808,105.2785891,682.9430349,800.3268561,868.0943814,941.5487525,1095.733654
58706,853.7726707,108.2844517,659.6149933,778.2951392,847.3614932,923.3926582,1084.325013
58688,831.1484586,105.9492313,642.3293897,756.4124478,824.5321143,899.1686796,1054.257261
58671,810.5662292,102.257629,627.1085926,738.0723221,805.1547755,875.8753758,1024.590017
58654,788.6848797,92.94808889,620.5230429,723.731782,783.1325216,848.5259299,983.2065788
58638,774.0342769,82.21036519,624.747821,717.0928864,770.7858966,826.3311739,947.559589
58621,766.17289,63.68796283,647.8446802,722.1127777,763.6449267,807.8193973,897.4290767
58605,783.3957476,82.78360136,631.9836965,725.9514678,779.7692213,837.7065727,957.3687563
58589,801.5978581,96.926192,626.5064807,735.2610328,796.3909081,862.7495137,1006.236465
58571,828.2250006,109.0449534,634.1895539,753.1716166,821.8833735,897.4504663,1061.436868
58553,851.339007,117.1383263,642.517418,769.0492735,844.5039629,926.1413399,1104.978391
58534,874.9988431,123.5643856,657.6268276,788.4198583,867.2889395,951.0300434,1143.118839
58516,903.7276237,126.4688303,678.4337758,816.0769909,895.5280468,981.3574801,1175.194466
58497,930.5910444,124.2963807,706.2326902,844.2541653,922.5851246,1008.974223,1191.936511
58479,966.5492721,119.1124653,754.5811138,882.1310729,960.9437631,1041.465274,1220.357021
58460,1001.551744,108.104331,808.4199499,925.8929415,995.9124079,1069.422415,1229.33071
58441,1036.818801,87.67557227,874.3008928,976.5307947,1033.229671,1092.98675,1222.653488
58421,1018.267252,111.7850927,818.1194456,940.988793,1012.223654,1088.369253,1255.511874
58402,1001.339763,123.6196173,781.9947632,914.9369663,993.6589743,1078.423125,1264.992709
58383,985.5458075,128.8371244,753.887971,894.7491432,976.8690109,1066.146839,1261.287931
58363,969.0483829,129.6022346,739.7065141,878.2742375,960.5756172,1050.763753,1243.005951
58344,950.3834171,124.4161863,729.8839814,863.8487326,941.6466136,1029.246753,1219.36704
58328,937.5824172,117.8174756,727.3818285,855.2940351,930.954178,1010.925352,1190.686489
58324,937.4542307,115.0005926,731.3810995,856.8901409,930.7394059,1008.932012,1183.593204
58309,915.8684019,103.1510254,730.7379281,844.8204783,908.9206573,980.7581043,1135.563089
58305,917.5263533,98.71832712,738.341468,847.899277,912.8882127,981.7478006,1120.656197
58288,900.053605,75.94101711,760.4497312,847.1314245,897.0267661,949.8505407,1054.691856
58286,902.1093069,72.78831577,765.9661953,852.2822226,898.875305,950.2832478,1052.671558
58283,900.175494,77.23170118,759.6350332,846.4586073,895.9070593,950.0502161,1061.35124
58279,899.2309256,83.64007694,747.055031,840.8922483,895.032376,953.9807396,1074.867344
58268,889.4604063,94.84448461,717.8139829,822.320766,884.3896244,950.7946293,1091.016959
58266,890.8264312,97.3481749,714.8724862,822.1430624,884.8154406,953.565425,1094.220861
58257,894.260768,104.4229726,709.3848957,820.9113093,887.2692959,962.2754333,1116.985274
58249,894.139089,110.4817693,697.3562247,816.7859887,887.8265769,963.8588468,1125.275961
58248,896.8243989,111.3574533,696.1193672,818.6925858,891.1162738,967.3765627,1133.398469
58247,898.1750307,111.4655283,699.5513304,819.7017579,892.1265983,968.3271517,1140.207626
58240,899.4944813,115.6463578,696.0690859,818.6760555,892.0848051,971.6940082,1147.697095
58235,895.989337,117.6399827,688.7656698,813.5298643,889.0375653,969.0043008,1149.446607
58229,895.6946249,119.1582792,684.1234576,812.3748401,887.4576039,971.599775,1148.241418
58228,897.4193604,119.4955048,684.503848,814.3088069,889.3055003,971.6294522,1155.01676
58224,893.6417695,121.1169919,678.6988133,809.3360297,885.7398712,967.88537,1149.999873
58218,893.2360642,122.2251106,675.4350385,807.7018084,884.1148874,969.7525732,1153.719836
58210,889.878847,121.9930271,674.2118306,804.354147,881.1113632,965.5156976,1152.432763
58208,889.3158906,121.2310801,674.722245,804.197858,881.145573,966.5973891,1149.893481
58202,887.8097574,120.9519284,672.2251462,803.6487541,880.4155637,963.2572413,1149.439162
58197,884.9712782,119.6179532,671.8637867,801.5607198,876.6909089,960.8348847,1140.952043
58192,885.1809371,118.7134453,674.6894824,801.8267021,878.6554103,960.6254551,1134.786135
58191,880.8380151,119.2679533,669.6638791,796.6345723,873.0792201,956.0421318,1134.195508
58189,886.46817,118.6702225,679.215185,803.647889,878.9578488,960.9018272,1138.958586
58179,881.8973054,117.2297221,674.7796151,800.1468691,874.2203894,955.8851508,1128.911005
58173,879.0967745,114.4461286,677.7788725,798.0372985,872.8699584,952.186822,1121.036916
58171,882.9419407,113.6728887,681.922776,802.9551669,875.8067648,953.9581881,1123.463695
58169,883.8046597,112.3713,684.7210802,805.1873185,877.9859241,955.2651952,1126.913068
58162,879.4084827,108.1565407,684.8834674,803.6927186,872.8950299,947.5483736,1110.090733
58154,875.6756083,102.1553114,692.522679,804.106841,869.475668,941.3678493,1088.029283
58153,878.7455171,101.998078,694.4228866,807.8033927,873.4099207,943.6820727,1093.295216
58150,881.1006281,99.59702079,701.4984942,811.6297474,875.1385609,945.3648028,1094.772065
58149,879.7710176,98.1143925,702.1860008,812.2092651,874.0706023,942.1874175,1085.454316
58136,882.0927218,85.26433621,726.717585,821.8046644,877.2006655,937.9554876,1056.537057
58133,884.7545438,81.42080409,736.9235309,828.1036132,880.9918973,937.4448285,1053.959636
58131,885.4511684,82.48445962,734.3474283,828.5057854,882.4125092,938.2077108,1057.961769
58128,883.2499066,82.93857313,731.2767995,825.9358602,878.5802848,936.867692,1057.323551
58119,895.1154915,83.01324896,741.6047842,837.6807607,891.9655991,948.6880523,1066.912028
58116,895.3492085,81.40413681,745.5489757,839.1325348,891.9737429,947.8258255,1064.837882
58113,900.5625824,79.98480929,754.136062,844.3837882,896.8827193,951.7631996,1067.220377
58112,899.5639465,79.14859416,754.0770503,844.4701479,897.1248291,950.525226,1064.220907
58110,901.9669165,77.50869145,759.1600662,848.6873757,898.8278939,952.5920815,1062.631514
58102,911.0698063,67.21563544,786.3439907,864.0452777,909.1191155,955.261002,1049.005803
58101,915.4576545,66.80000654,791.4716152,868.706113,913.2877962,960.0408558,1051.366804
58099,951.9976377,70.14153439,820.4793776,903.5390683,948.9231004,998.199452,1096.163435
58096,1000.694685,77.24272919,859.784219,946.5919227,996.6732088,1051.910399,1159.212855
58091,1083.188138,84.54226739,925.1270213,1024.697971,1080.578736,1138.728699,1256.767777
58086,1172.10538,86.39576769,1011.112337,1111.571214,1169.27708,1228.511509,1352.257362
58081,1204.752646,89.84250525,1036.163237,1143.539249,1201.341196,1262.887985,1388.408149
58074,1098.61071,87.6022741,937.7206165,1038.600882,1095.034064,1155.335806,1279.874799
58073,1080.69412,85.92043593,922.8751979,1021.040503,1077.679681,1137.662362,1257.329448
58071,1053.355865,81.85593119,901.7074218,996.6056167,1050.040732,1106.504219,1221.485636
58068,1009.947893,75.43055173,869.5174186,957.4893472,1007.256034,1060.428272,1164.200938
58064,982.3641239,73.41839546,846.2275515,930.938634,980.7120599,1030.849137,1131.505502
58057,953.3134068,78.30463784,806.8005136,899.3875626,950.6291483,1004.608218,1113.507522
58045,897.126543,68.34734814,769.453081,849.4165277,895.2465404,942.3874271,1036.383855
58043,901.9590305,71.19476694,767.7532256,852.5332903,900.2451111,948.3704208,1046.109631
58029,895.9278198,85.51523583,737.3724466,836.2118045,892.7363132,950.6812359,1070.480631
58015,884.8711168,89.44889181,721.217887,822.2891525,881.6347105,942.3183636,1070.083994
58001,883.3153651,85.69749275,727.4221449,823.6539328,879.5230591,938.2499493,1062.952243
57990,882.5197765,75.93093632,740.824322,830.0096113,880.0946884,931.9283775,1038.89076
57987,882.6472913,71.41128868,750.586265,833.5146463,879.9935972,927.8636545,1031.326188
57976,881.0541171,86.27021143,723.9743118,820.2594263,878.229805,937.0273016,1060.815265
57973,881.7230823,89.87820643,718.6472981,819.6119761,877.3352875,939.0034721,1066.59932
57962,875.5992351,99.19243012,695.9306724,806.5270209,870.2096821,938.9278718,1086.160413
57959,878.5482739,102.1703542,691.8256637,808.1819832,873.7903315,943.4843551,1094.898575
57945,869.1822684,109.7702276,672.761555,792.6320674,862.9667502,938.1714587,1099.832904
57931,863.8973347,115.688144,656.4733243,780.7335571,857.041797,936.7012931,1110.319208
57917,858.6937208,118.0162798,646.9732501,777.4446982,851.7565511,932.139233,1112.405851
57903,854.0234801,119.9465407,637.3416945,771.0434636,847.0997388,930.0868614,1108.281879
57876,844.5220312,116.0544332,635.6545044,763.2396289,837.9474306,917.8527866,1089.633389
57862,838.0099802,111.5151407,638.1993795,760.787262,831.6158769,907.8493144,1076.39287
57851,829.0582315,105.4335475,640.9414952,756.0538987,822.0972785,896.5469713,1051.735093
57848,827.2384773,103.5605444,640.1618565,754.4310815,821.3389314,893.9473703,1045.4349
57834,815.4624895,92.85001424,648.8147563,750.4293313,810.8603164,875.1893187,1012.337713
57820,805.905071,80.53915233,659.3489081,749.3546643,803.6326908,857.8920889,974.374069
57806,797.2622133,60.5899125,684.5925623,755.434592,795.5282654,837.0979395,922.1858389
57792,799.8979571,78.24842745,655.6764723,745.6727986,796.0913882,851.141282,961.2661435
57778,808.6831641,91.64144076,641.853465,744.3051832,803.6101341,867.0668019,1002.515733
57764,819.0129575,103.0912526,632.3930867,745.9266192,814.0085367,885.6665366,1034.884894
57750,815.9370476,108.8837469,620.8236074,739.1986639,808.6718536,886.3010633,1045.101104
57736,814.7935868,113.5752765,614.4328928,735.0244818,806.509892,888.2356495,1054.769534
57722,818.0448531,116.669754,613.3119871,736.226313,809.6026025,890.4069952,1070.992601
57708,820.8687585,117.6636054,609.5431089,737.6941144,813.5979765,896.1010232,1069.778421
57700,828.3434723,118.1553395,623.3977211,745.5923187,818.8046884,902.6294799,1083.324538
57687,834.0360209,117.1865814,627.0857436,751.7248671,826.1579511,907.6483152,1086.912759
57673,841.5676621,114.0116123,639.2683306,761.7868182,833.6180934,914.3964942,1082.368815
57659,850.4395256,110.1669055,656.0074684,772.5433595,843.759539,919.8522066,1082.568182
57645,856.9855598,102.1324107,674.1870463,785.5298,852.0134977,921.2670573,1070.300335
57632,861.1862883,92.05438108,692.5348356,797.6539452,857.0774737,919.8350464,1052.989559
57619,864.9232711,77.23134114,724.8008344,811.6545825,860.6066085,915.0902743,1023.88312
57606,864.5818983,90.17844566,698.8922767,802.1981028,860.786065,923.1261243,1050.320515
57593,859.5350527,100.2655057,680.2063564,789.2123902,853.686073,924.1467671,1072.750832
57580,852.5021952,104.3712871,666.79457,779.7672279,846.6188511,917.8941755,1071.207752
57566,838.6831822,105.3902202,650.1788387,765.5767929,832.294326,905.8660905,1062.638204
57553,831.8594643,103.4356022,646.5626512,759.5016212,825.9794942,897.3653673,1050.609176
57540,820.2037115,99.38664917,642.6420831,750.5522179,814.9831055,882.8693426,1030.903708
57527,805.597554,91.9509813,640.9761272,741.6630553,800.4734054,864.3886976,997.4769622
57514,794.4557489,81.91691108,645.8303941,737.1239463,790.6000258,846.9404895,966.9563905
57500,781.1673391,66.40481358,658.7387236,735.4007779,778.3794682,824.9507704,916.4192669
57487,804.3835334,82.43900038,654.4907002,747.0719319,799.8732253,857.4798302,975.8348913
57478,815.3599208,92.10365218,652.4107462,750.2448364,809.8903263,873.8671524,1009.854662
57474,821.0996272,95.16650847,649.7436637,753.5657425,816.5628183,881.7795481,1019.977347
57461,839.9927821,104.9030938,651.7277617,766.2341878,833.4272957,907.0257037,1060.364994
57448,851.2558507,112.0006861,651.5459694,772.327294,843.8106055,923.2150208,1090.563452
57435,862.1848359,116.2795667,653.7105268,779.1265141,855.1121921,935.8884835,1110.025158
57421,862.2028844,117.6958259,655.342133,778.6553245,853.4797147,935.9470752,1111.852393
57408,867.4106387,117.6785364,657.2609077,785.0101245,859.4948166,941.3192896,1117.890499
57395,877.6863188,114.9823259,672.5046321,797.352905,871.4838104,950.9461464,1123.632524
57382,870.5472913,109.3308275,674.625271,794.701474,863.3449829,940.4863423,1103.987196
57371,871.2565773,103.3294345,684.7900502,799.9140346,864.6786428,936.7843768,1094.363515
57369,870.5946823,102.2074794,688.9928162,798.3777665,864.4311409,936.4370334,1086.225172
57354,878.1027639,89.51605417,713.812975,816.2849574,874.1408128,934.4825314,1067.996745
57338,879.8776743,68.0434824,754.899587,833.587051,876.3519781,923.7758453,1021.527049
57322,886.526777,88.60738843,726.9276504,825.0494792,881.9407048,944.6193416,1070.390924
57306,883.2671221,99.49927353,703.7230298,813.4162381,878.9143074,947.4275415,1094.095119
57290,877.5104644,105.944526,687.8290654,802.5968798,872.7462057,944.7048554,1099.943064
57275,878.1031251,106.0999244,686.6269364,804.6559538,872.5252127,945.1784684,1104.273797
57259,860.4729293,99.19785399,681.9340189,791.0651509,856.0951365,923.5634831,1070.364089
57243,844.3402433,88.02004332,683.7884051,782.6357034,840.114663,901.167496,1028.643277
57226,827.144214,66.99998648,703.3198816,780.0533425,825.0708239,871.0420778,966.5897571
57214,840.4911971,84.5275281,689.8164518,781.0361111,835.7324157,894.2824829,1022.216927
57209,844.7257896,89.73883851,681.9362636,782.0771547,839.9869841,903.1944603,1031.564126
57192,861.287789,104.1123867,676.9265144,787.3669665,854.0281736,927.3220362,1086.201353
57175,871.8345258,112.594672,672.5776839,792.4220106,864.9066645,942.4314872,1110.571876
57158,875.2761846,116.325036,671.5056224,793.5170451,866.9547009,948.1160459,1123.618288
57141,881.344923,117.8113566,673.8865289,798.1992543,873.3849815,955.3898425,1132.524617
57125,887.0214271,113.9831685,685.2142363,807.5183805,879.2756495,960.2534456,1133.152741
57108,877.4027957,106.0481291,686.5079148,803.3723411,871.1228262,944.253278,1104.300442
57091,870.6133521,91.69542284,703.2402842,807.6672436,865.8631906,928.6622366,1063.85047
57074,858.1959333,70.11688624,728.2581515,808.7413876,855.6697117,904.234324,1001.858492
57057,863.3821992,92.81941151,697.8100225,797.6123128,859.0825827,922.5352841,1059.291999
56953,838.0020427,143.9757525,587.3183355,736.6701368,827.9341853,925.0198573,1153.324772
56941,833.8320078,145.2981117,581.3951028,731.4926061,823.9907007,924.0014772,1148.810156
56929,834.8406946,146.4458496,581.935148,730.8794725,824.7910558,924.2180314,1157.273064
56917,828.6117108,146.6448113,574.1327743,723.9963446,818.4822877,919.8370823,1150.917396
56905,819.9969024,145.8217652,564.5276857,717.4173873,809.1694409,910.1416241,1134.473349
56893,814.259465,145.316618,563.8169914,710.9732625,802.5900342,905.1271202,1126.932214
56880,801.3244671,143.4788517,553.4699513,700.2244129,789.2908068,892.5392401,1112.574962
56868,792.9340628,142.0063161,546.4743119,692.6489462,782.9594467,882.0387709,1099.942923
56856,784.0425704,140.8958313,538.7121084,683.2728209,773.2419627,873.3662106,1086.731707
56821,760.4916457,134.4454412,529.721909,665.0611623,749.9205028,844.7984904,1048.681021
56786,733.4162527,122.0822327,521.7046836,647.4468961,724.7916459,810.220652,994.8193742
56752,707.8695977,107.1826732,519.671682,632.4123729,701.0438281,775.8498266,932.3825694
56718,679.8726085,84.45330212,526.884794,620.7308352,674.6818854,733.2352462,859.1082962
56686,655.6738244,52.52728222,560.0610676,619.4914973,653.6358404,689.5141226,765.1980812
56621,729.9093092,110.9213997,533.1581688,652.9130003,722.4996421,799.3034103,967.6185442
56601,756.4004677,124.027492,539.4320619,669.7906376,747.4074896,833.2410715,1026.181771
56588,768.7673312,130.6933282,541.1069765,677.7345328,759.0568508,849.820008,1052.69039
56555,810.8179007,148.110718,553.9956433,706.8700465,800.0568567,902.0174087,1134.437764
56360,1043.39085,215.9881518,684.676953,888.7403205,1023.320294,1171.673184,1532.931227
56262,1160.61,215.5688502,792.9383547,1009.777975,1140.784478,1294.694419,1642.264904
56197,1247.57199,194.0341737,908.7414587,1110.125873,1234.969677,1370.034876,1668.730775
56138,1339.103851,143.3544305,1083.580466,1239.589502,1331.826311,1430.08147,1646.707504
56120,1356.223748,106.0668687,1163.324613,1282.861185,1351.844946,1424.356866,1578.126497
56119,1352.161052,108.9269101,1154.131719,1275.873191,1347.895799,1422.974922,1579.406686
56109,1332.184644,126.6249173,1103.504324,1243.225092,1325.113839,1413.206219,1599.831536
56099,1312.992021,141.6460829,1058.197753,1214.580532,1304.479481,1403.577788,1614.677177
56098,1312.04541,142.5897338,1056.966182,1212.215618,1305.023026,1403.538251,1609.397243
56086,1292.212208,153.0822263,1021.863523,1186.568221,1280.960869,1387.214996,1625.942796
56079,1283.082134,157.7585048,1002.329221,1171.81371,1273.254712,1381.337727,1624.410263
56075,1278.371157,159.893013,993.4136079,1166.404551,1269.199558,1377.725361,1622.623299
56064,1265.439818,165.0539652,968.3814154,1149.834146,1253.94037,1369.17695,1619.908952
56060,1258.596949,164.9780211,965.2282929,1144.041173,1248.825976,1360.977572,1611.885589
56052,1241.920746,164.2177764,952.2344649,1127.260749,1231.275272,1344.666307,1592.431724
56041,1227.21076,162.2488539,940.2134125,1114.85626,1216.318154,1326.362765,1579.132218
56040,1228.50301,162.4873896,943.5963566,1115.504306,1217.362299,1327.950904,1582.869729
56032,1217.498969,161.1632486,933.5765951,1104.845116,1207.382933,1317.262689,1561.50861
56020,1201.929966,157.3648228,923.5064001,1090.734178,1191.878126,1299.282877,1546.990598
56018,1202.148598,155.5973936,926.2083211,1092.646036,1192.589836,1302.111947,1533.589298
56007,1195.869383,148.8213739,927.0347175,1093.288191,1187.73365,1288.535012,1516.006104
56000,1195.115625,144.0775323,939.8554751,1095.007259,1188.058589,1286.291091,1501.052321
55993,1190.220596,137.4638472,942.5902258,1095.09499,1182.296722,1276.395065,1483.650952
55985,1185.711646,127.0537202,957.1663657,1097.947636,1179.178404,1265.801282,1459.351559
55983,1185.039015,125.5447749,958.0039821,1098.446383,1176.737521,1264.926571,1452.083843
55981,1189.143722,122.4117269,969.1937292,1103.950334,1182.676532,1266.912071,1451.977392
55975,1184.653097,113.1322076,978.2720571,1105.127539,1178.638457,1257.378133,1421.709643
55971,1183.423859,106.9573619,987.0702619,1109.981941,1178.752556,1253.1809,1408.553046
55970,1183.942263,105.0673429,991.5176653,1110.900061,1179.24032,1251.381538,1406.162454
55966,1182.650699,95.858659,1008.595423,1116.064599,1177.765277,1243.731324,1386.200718
55965,1184.574487,94.22111539,1011.717562,1118.27356,1181.596612,1245.725638,1380.828404
55961,1241.502066,102.0933349,1054.446493,1170.534353,1237.860721,1307.001415,1453.883309
55959,1267.060454,102.8075942,1081.075085,1194.346477,1261.849541,1333.654084,1482.380249
55957,1298.881463,104.5530404,1107.523254,1226.28946,1294.585761,1364.794869,1516.41835
55956,1320.668335,105.1176219,1131.293119,1246.584919,1315.150426,1388.058574,1541.394455
55954,1349.763769,111.7866345,1147.909956,1271.430293,1343.558674,1420.722932,1584.679796
55950,1414.458659,121.1470322,1198.979223,1328.587566,1407.873197,1492.298519,1668.903791
55948,1468.435978,127.3808533,1237.506259,1379.910341,1462.456188,1549.991731,1738.359206
55946,1519.404419,132.2606914,1280.476006,1428.558093,1513.034603,1603.101115,1794.273067
55944,1584.214406,139.6976704,1333.896326,1485.98888,1576.77411,1673.268657,1880.713316
55942,1657.812869,146.5126949,1394.330045,1554.991347,1650.59233,1753.845766,1958.410057
55934,2026.037709,187.2546773,1684.387869,1894.993064,2017.60013,2146.311847,2416.00144
55932,2170.030681,205.8006884,1798.431763,2026.187571,2160.021863,2301.250574,2597.251716
55930,2187.374725,212.8795222,1798.451355,2038.884554,2176.786749,2320.151666,2638.683184
55927,2214.549079,213.2617594,1831.940065,2065.249867,2201.528638,2349.876159,2663.64357
55926,2221.67965,216.4662755,1834.408889,2071.309187,2209.25679,2356.873585,2684.963504
55924,2224.745098,220.0812494,1828.006007,2070.398431,2212.416745,2366.217119,2680.950553
55920,2234.296899,227.986171,1829.093125,2075.379803,2220.351156,2380.307926,2715.498786
55917,2236.277777,230.6282809,1825.533967,2073.459482,2222.073203,2384.144973,2726.071142
55914,2252.836154,232.5803609,1838.507897,2090.051436,2239.777011,2399.534929,2749.213344
55907,2378.639891,242.5569937,1948.010191,2208.929657,2362.86254,2531.791868,2899.582059
55904,2441.311295,245.4515006,2000.590841,2273.35529,2427.66672,2596.652497,2962.140189
55901,2508.327773,242.8980268,2068.068246,2340.337808,2493.511971,2661.134171,3023.661134
55899,2481.056904,241.6803743,2044.104311,2311.137591,2469.542912,2634.090354,2999.866576
55898,2459.57636,240.6609625,2029.799167,2290.504127,2442.632586,2612.013347,2971.053044
55894,2397.096052,236.8669639,1975.888394,2229.700957,2381.450054,2548.314075,2895.121673
55891,2341.487931,233.5218174,1923.392666,2180.991245,2325.063597,2488.990201,2833.852397
55888,2285.760187,225.1055661,1888.524165,2126.188109,2273.053575,2429.487189,2766.539646
55885,2241.015971,221.6870447,1850.356567,2086.784445,2227.081942,2381.170026,2723.025141
55882,2187.993444,218.5271592,1802.50786,2032.759018,2173.140087,2326.908729,2654.011994
55872,2082.083123,209.9782558,1712.881599,1935.118223,2067.156473,2214.550619,2526.924846
55869,2085.339391,213.0712546,1705.164928,1933.936187,2073.026387,2218.195494,2539.549552
55865,2090.974673,216.1815741,1705.080218,1939.304874,2078.922953,2227.653437,2547.028418
55859,2100.114153,217.5209131,1705.976362,1949.071793,2086.792034,2237.668914,2566.996401
55853,2052.962043,206.3927356,1684.161391,1906.143978,2041.561562,2184.168349,2492.021013
55849,2071.820991,203.1564243,1709.401009,1928.860739,2060.268337,2201.776509,2502.109125
55848,2070.184254,200.3058096,1708.912654,1927.809367,2060.232243,2200.338024,2488.736751
55846,2036.926031,195.0702553,1684.740827,1899.735907,2026.119854,2160.948638,2443.709437
55843,1989.862231,196.9187359,1636.033442,1852.717179,1978.141866,2116.343921,2407.997771
55833,1816.15819,186.0977741,1481.979796,1686.3971,1806.797328,1935.344374,2208.172337
55822,1679.059776,166.3602047,1377.325755,1562.565315,1669.957651,1786.234564,2028.055545
55820,1653.050387,162.4572594,1357.866518,1540.280128,1645.619496,1754.567769,1995.563597
55817,1618.122384,152.3711946,1345.187638,1511.144341,1608.708108,1715.391027,1941.952205
55815,1595.161438,146.9576285,1328.439012,1494.303186,1587.628457,1689.19019,1901.075467
55805,1448.22276,135.2400559,1204.745159,1352.945076,1442.261876,1534.129134,1727.494625
55803,1415.321832,131.1317349,1178.091558,1324.663013,1407.821215,1499.550202,1692.78317
55800,1369.030858,124.3017998,1146.727159,1281.526279,1363.219952,1448.595367,1634.446862
55798,1336.271606,119.4062878,1120.050876,1253.501086,1329.738764,1413.154148,1586.333095
55796,1313.610095,115.0911235,1103.757243,1233.263415,1308.299115,1387.414459,1555.959184
55794,1289.205173,112.5482885,1083.73573,1211.525099,1284.379573,1361.357822,1521.255308
55788,1387.92475,115.2818443,1181.112934,1307.789009,1380.648028,1462.499737,1630.737605
55781,1402.697422,128.587873,1170.688013,1313.571703,1395.351526,1485.455654,1676.334428
55776,1390.64068,132.8361845,1151.91366,1297.110495,1383.891778,1475.685368,1672.734801
55774,1393.048866,136.1562057,1145.666806,1299.545055,1384.717661,1479.452015,1680.640558
55772,1380.440372,136.2352496,1132.666297,1285.990681,1371.836732,1465.213864,1671.658415
55765,1374.278362,138.2151829,1126.197289,1277.754261,1367.150494,1461.742592,1666.318609
55761,1367.199787,137.1988786,1120.285188,1271.795337,1358.384646,1454.16608,1655.06523
55759,1363.528079,136.807459,1117.035462,1267.763413,1356.152413,1450.63809,1654.807104
55753,1358.374472,131.6422686,1118.386466,1265.436928,1352.041808,1443.701385,1635.757628
55749,1346.846878,127.9782133,1113.698017,1257.717966,1340.370475,1430.316081,1611.685076
55741,1331.343425,115.8424171,1116.935964,1250.696556,1327.439796,1407.264684,1568.036587
55739,1323.685511,112.0460358,1117.211113,1246.278692,1318.02657,1397.911231,1557.747768
55734,1345.091005,119.4569448,1127.758813,1261.654793,1339.679271,1422.130781,1593.437364
55732,1355.163616,122.2520656,1131.587604,1270.949593,1350.466328,1433.239207,1613.197949
55722,1382.061607,123.1917817,1157.177307,1296.382292,1376.735557,1461.171817,1639.07473
55715,1441.460509,118.1880725,1225.12387,1359.998467,1435.902649,1517.874565,1686.897291
55712,1430.491165,120.5972436,1212.181948,1345.578569,1425.746803,1509.191885,1679.529029
55710,1430.684029,121.382246,1209.357366,1346.543008,1426.307488,1507.951189,1683.452187
55708,1432.162849,126.4911548,1200.690239,1343.463848,1425.776732,1514.465435,1694.143335
55698,1423.665808,145.5653111,1158.209714,1321.899342,1415.366428,1517.356813,1736.090354
55697,1422.901624,148.6509298,1160.118029,1318.600357,1415.18929,1517.253389,1731.546054
55686,1404.335295,163.6726589,1113.902583,1290.854744,1395.532793,1508.11103,1746.062628
55679,1396.431889,170.4973078,1095.262316,1275.317943,1385.849084,1503.551309,1760.426213
55674,1388.176596,175.5636018,1083.240945,1264.92173,1376.20701,1499.756569,1761.830029
55673,1387.553267,175.3397467,1077.484474,1267.053954,1374.163151,1499.061526,1765.179063
55660,1370.413656,189.5842016,1035.015869,1236.182123,1356.489619,1490.48155,1779.013582
55649,1365.746151,195.1425948,1025.350265,1229.539793,1351.429206,1488.159648,1787.656973
55644,1355.615798,197.958095,1003.758596,1217.519673,1341.51955,1480.458437,1775.089801
55628,1332.006171,203.3803994,977.8346576,1188.565709,1315.117554,1458.860873,1770.918726
55622,1324.126902,204.9174412,966.6768628,1181.109949,1309.035763,1449.440827,1774.777982
55619,1322.559178,205.0794299,967.3613717,1178.369375,1304.654377,1449.456375,1773.436585
55607,1302.999031,204.7101065,950.49775,1158.813966,1286.364853,1430.786579,1752.574751
55594,1283.549013,204.5843031,930.837261,1137.904353,1268.821338,1412.008898,1727.369115
55589,1275.280062,203.4580083,922.3392185,1129.005105,1260.537654,1404.325895,1712.216308
55560,1227.488692,196.3627403,887.8081276,1090.598303,1213.523036,1350.959225,1647.229037
55553,1218.926407,192.2723953,883.5466391,1081.718604,1205.016163,1340.827634,1632.833293
55550,1212.15101,190.601656,875.8071948,1077.698487,1199.407702,1330.56146,1626.978186
55520,1172.369441,173.3811706,866.7290882,1051.112961,1159.731483,1280.312956,1549.408334
55485,1108.462249,141.7158441,855.2423334,1009.381995,1100.761709,1198.144487,1407.970318
55450,1055.243257,90.21136485,888.536788,990.8021642,1051.17924,1115.633168,1241.287099
55448,1030.909545,86.38780798,873.9711487,970.9070208,1027.206596,1086.425006,1212.172528
55411,1041.145685,135.4177932,800.6330063,947.8144852,1032.909372,1124.46683,1328.148079
55376,1057.957398,161.895991,776.5007928,942.7569471,1046.871771,1159.833006,1404.750297
55345,1062.33721,173.7942336,759.4174572,940.7848112,1048.790883,1170.449594,1439.902224
55332,1063.295901,176.0042212,757.0187951,939.2352936,1048.410135,1174.084844,1448.694207
55257,1085.110678,182.5420732,764.5082452,957.1637221,1072.408191,1199.980685,1482.705847
55197,1109.307417,161.859999,827.5436125,994.965526,1096.682555,1212.381009,1457.604435
55138,1131.343965,101.5537705,944.4584989,1060.299554,1126.030208,1197.382675,1345.132948
55079,1108.851326,162.2540145,823.9671847,994.9801751,1098.783942,1209.392483,1459.541622
55021,1104.10358,182.4415283,792.9684009,975.0944252,1088.724321,1219.373734,1501.900284
55011,1106.147754,183.9568556,792.534755,974.4793062,1090.836793,1219.150623,1513.689946
54963,1088.992184,181.137597,773.6854369,961.949306,1074.050761,1201.805806,1478.359913
54936,1081.470331,171.1419873,782.528451,962.9528054,1068.083216,1186.941469,1453.623029
54916,1072.542854,160.3332795,793.519704,959.3553166,1061.571734,1170.775958,1425.315827
54895,1065.806768,144.8311766,811.6509436,963.9895121,1055.813048,1156.61283,1375.567172
54865,1065.239859,113.0808522,859.4923343,986.7916205,1059.781691,1139.053917,1301.282608
54853,1067.607955,95.11679713,892.1317154,1001.575284,1063.994012,1128.921294,1267.169173
54777,1093.243077,172.8666047,790.2770105,971.4207316,1080.486198,1200.502728,1470.31669
54769,1099.275127,178.2877372,785.7185843,972.7152306,1086.557955,1211.135458,1486.631568
54696,1150.084738,210.2795458,794.4780301,1002.261387,1130.834178,1276.207316,1617.208359
54684,1149.468576,211.6826906,788.8141543,1000.243734,1129.917292,1278.210148,1619.575607
54683,1150.840683,212.1642239,791.9866948,1001.584591,1130.711701,1278.753598,1622.335206
54660,1167.43759,215.8189804,797.8854664,1014.006165,1149.634695,1299.385098,1636.319565
54644,1171.167902,217.063803,798.0283246,1017.963486,1153.043889,1305.065217,1644.079828
54620,1174.532865,218.0053945,806.0745113,1018.667282,1155.264563,1308.18769,1662.024716
54604,1165.697694,213.3976419,805.7035573,1015.854997,1148.580949,1295.672571,1631.702589
54603,1167.474054,214.1976136,806.0662209,1014.798522,1149.698226,1297.620453,1639.209716
54579,1172.285548,209.6371483,811.2809057,1025.717682,1153.303864,1298.202388,1632.022349
54563,1169.736585,205.4741936,820.65827,1026.177807,1151.740726,1294.151202,1622.839329
54535,1166.443816,194.5241612,826.8205137,1030.36919,1150.327001,1287.226356,1588.091551
54525,1160.539925,189.9468527,828.9469005,1029.849592,1145.755545,1275.855623,1577.209381
54523,1157.447205,188.4932022,830.0250705,1024.585599,1143.391549,1274.834356,1570.530033
54499,1141.964138,171.4656751,841.7485184,1021.113962,1129.398991,1246.721425,1515.383449
54483,1128.60363,157.3159822,847.5371122,1017.906904,1119.050853,1226.244556,1467.593235
54458,1105.537554,131.2113005,870.8904269,1014.502677,1097.856125,1186.073915,1388.046172
54444,1087.711587,109.2708464,891.5642388,1011.994691,1081.431667,1157.209235,1320.003219
54440,1081.727598,102.9585118,899.333421,1009.513882,1075.374627,1146.58621,1301.94491
54413,1084.762989,138.0707143,838.6030791,986.710215,1076.176507,1173.712988,1377.856044
54355,1085.088521,175.506819,781.6827395,959.8402657,1069.91618,1196.741286,1464.733801
54328,1090.69519,185.2743234,770.6776338,958.553494,1076.351012,1204.601361,1494.664111
54292,1085.696818,189.2974793,761.6567872,952.3775502,1071.071796,1202.960279,1502.36811
54283,1086.177447,189.6903236,760.2474153,951.3406322,1071.407161,1203.921276,1501.423908
54266,1080.725355,190.668907,749.8964663,944.8098483,1065.856549,1200.322875,1493.014364
54265,1080.69766,190.0611701,755.889811,946.9950207,1065.015893,1197.574113,1497.378201
54251,1089.27119,191.0105251,763.7473255,954.0498776,1074.015731,1209.806032,1499.209002
54233,1079.313273,187.8699464,756.9451632,946.4485473,1063.139844,1196.411098,1490.719317
54211,1068.200159,181.143171,756.1308924,939.513416,1052.79491,1179.211191,1461.015927
54197,1060.611318,177.138932,757.7272441,934.5251381,1046.612508,1171.361407,1444.628434
54188,1056.034307,174.4221799,756.3016539,932.2541538,1041.770676,1165.731172,1433.255335
54170,1040.678746,165.287043,756.6619037,923.0920626,1027.795936,1143.434226,1407.435081
54157,1027.153686,159.4617254,750.983368,913.4391069,1016.519875,1124.743193,1372.865489
54134,1005.424558,142.4149235,755.6959194,904.6246087,993.874607,1094.956583,1309.118949
54125,993.0394806,133.712983,763.2259825,897.5581664,983.1731036,1076.372219,1282.660882
54116,980.0526419,125.2834029,757.813184,893.3817338,972.0333966,1059.799862,1248.760743
54107,966.3808782,114.5406347,761.0059545,887.3629429,959.0654907,1039.630015,1207.054192
54098,953.527528,103.0753307,769.5964375,882.0353,948.1333288,1019.01315,1170.11784
54089,943.8275699,91.06707293,777.0986959,881.0929031,939.3153691,1002.39711,1135.140573
54080,936.431575,77.1079317,794.1114011,883.0144673,933.2894911,986.86712,1097.420299
54067,940.6694915,82.07794403,789.6761928,883.8684708,936.9475854,993.2581499,1112.726589
54062,942.2995953,78.96272846,797.079451,887.9317244,939.0177642,994.3147344,1105.122294
54060,949.2304125,77.01432492,808.453857,894.8100697,947.2142469,998.369331,1108.889414
54054,1007.086225,76.249797,867.2374235,954.1104485,1003.94527,1057.527388,1163.910815
54053,1027.581072,77.23914362,885.2755629,974.3637007,1024.177226,1077.079875,1188.731233
54052,1058.438307,79.2603143,911.6716428,1003.703265,1055.470704,1109.646056,1223.225182
54051,1071.826102,80.03171871,923.3041475,1015.705152,1069.773785,1124.023941,1237.036463
54050,1086.850212,80.85868769,937.9703897,1030.820902,1083.675164,1138.994773,1255.498522
54048,1150.3953,85.77884952,994.240861,1089.467505,1146.367574,1206.33954,1329.286481
54045,1257.538472,95.04118332,1081.020622,1192.837093,1254.453983,1318.531473,1454.683525
54044,1298.431974,97.38896344,1119.911394,1231.301104,1294.914911,1361.7295,1499.545441
54042,1338.280266,103.3877444,1147.93959,1265.19998,1333.398976,1407.291452,1554.369693
54038,1425.585725,112.0628224,1217.251027,1348.844048,1419.866471,1498.091708,1660.650215
54035,1424.104281,117.5664465,1209.218812,1341.999322,1418.512668,1499.366472,1673.870098
54032,1422.86949,121.290363,1202.877794,1338.013525,1416.837275,1501.680815,1676.334359
54029,1413.811443,124.4546273,1186.691487,1326.655079,1407.137224,1495.085724,1670.789525
54024,1396.513836,127.4624298,1165.880528,1307.530186,1390.939119,1479.165179,1660.962404
54021,1382.428848,127.5998936,1152.847296,1292.347193,1374.79558,1465.920002,1649.972084
54018,1370.813579,125.8495776,1143.571997,1283.245299,1363.059146,1453.201874,1637.181342
54010,1335.065209,119.4746788,1117.354197,1252.12754,1329.558984,1412.444381,1584.37215
54008,1328.169337,116.1581535,1117.724549,1247.888745,1321.388295,1404.064796,1569.665346
54007,1320.825119,116.4100235,1108.257771,1240.10573,1315.847331,1396.248382,1560.842218
54004,1304.546697,119.5340503,1085.352713,1221.692446,1299.300383,1379.936397,1554.982231
54000,1279.840753,120.6813413,1061.896115,1195.660797,1273.313893,1357.373362,1531.205013
53998,1266.636882,121.8151858,1046.44039,1182.143588,1260.339929,1344.650726,1524.368086
53991,1219.442525,118.5642315,1002.929893,1136.466667,1212.244059,1294.690364,1468.125887
53972,1119.83926,96.22921178,944.6307515,1052.41402,1115.264018,1181.864599,1319.322019
53969,1109.913041,89.96434291,944.7501471,1047.369775,1105.376168,1167.149657,1297.847269
53965,1137.481381,92.93103156,967.8109479,1072.358449,1134.011329,1198.29183,1329.551452
53963,1153.686706,93.93864424,981.6531787,1087.965227,1148.609509,1213.278342,1355.035201
53946,1133.330193,122.1704585,912.8134658,1046.476328,1126.474484,1212.511511,1390.501803
53936,1120.667944,133.8799063,880.9135051,1026.808307,1112.004979,1205.375913,1408.457901
53926,1111.270112,144.1772413,857.1227364,1011.050497,1101.072001,1201.638294,1415.645179
53914,1098.168159,154.9283772,825.4599426,987.8073552,1088.1118,1194.681714,1434.075787
53903,1094.212131,163.240239,808.6554858,979.5341434,1084.290317,1193.238763,1449.382029
53901,1095.763146,164.3187712,807.9476105,980.4293464,1085.783824,1197.64264,1450.235888
53891,1098.420149,170.4954946,796.6140816,979.8960148,1087.289974,1203.499386,1468.885259
53871,1096.602155,182.5484241,780.1722536,966.9953835,1082.786595,1210.931794,1494.704693
53862,1090.975626,187.2104295,771.320027,957.3749376,1076.055754,1207.739387,1499.425303
53837,1083.248272,196.1385125,747.9702565,944.9241331,1066.029226,1201.638576,1524.434077
53832,1083.886454,199.3831948,747.7220759,941.3988534,1065.690906,1204.611873,1531.463661
53819,1076.278559,203.4190536,735.0361097,931.3127915,1058.281824,1199.266448,1527.346864
53680,1015.822779,224.9749741,653.228194,856.8739791,989.0803914,1145.728084,1539.329039
53673,1008.784705,225.2823593,648.897364,850.3423343,979.0210318,1136.186258,1535.435388
53667,1009.948129,225.3707699,646.2881993,851.5616279,981.0513377,1137.850659,1535.290853
53652,1000.107305,224.7888698,639.4036094,839.8955401,972.8833536,1127.473362,1518.091715
53646,1001.590117,226.2900016,642.1355994,840.3041865,973.6234661,1128.580415,1527.520648
53613,987.8149233,226.0007421,626.5706763,828.6452596,959.349208,1114.002185,1505.284888
53605,992.5701165,227.3358024,634.8939224,829.8579879,965.2919093,1119.461461,1523.246717
53590,990.016928,227.0635452,631.3714087,828.4199474,960.2877849,1119.478229,1508.625223
53572,998.9888733,228.7404258,639.6719389,836.7555002,966.3255364,1126.719248,1529.178178
53555,1001.198771,230.7096394,640.7629824,837.2647363,969.9043775,1132.175771,1539.60827
53551,1008.676401,231.5124091,647.2650201,845.7127114,977.8877203,1137.347923,1554.383887
53546,1009.498839,231.0040405,649.6035961,847.5140212,978.6503966,1138.034319,1554.161975
53542,1009.646156,232.2321423,647.3518524,845.8842753,978.9763985,1137.679619,1557.765362
53538,1008.660763,232.1626112,644.1756015,844.6045295,976.072853,1137.596683,1558.570042
53534,1012.963404,232.8711602,648.0967609,850.7049994,980.2202084,1141.966852,1560.107019
53525,1020.915549,233.970149,659.3438225,854.5387546,988.8306214,1148.111588,1565.702857
53513,1034.140115,234.1814268,666.277277,869.0837202,1002.675193,1164.659095,1580.677714
53504,1045.462333,236.8741542,671.7617259,877.9053213,1013.562784,1174.503748,1602.580441
53494,1052.599112,238.1656369,684.3915555,882.5201169,1020.886248,1183.17477,1612.64356
53483,1062.56525,239.9491712,685.7360981,891.7613103,1030.098882,1197.667949,1627.050618
53473,1075.928252,241.3139111,698.374114,905.6546806,1044.903525,1208.491824,1643.82824
53464,1091.867368,242.6366404,707.4534732,921.2067952,1060.646943,1226.589374,1656.34709
53453,1112.192037,245.9835962,718.038223,938.3716372,1081.054586,1248.367367,1682.540491
53443,1125.487907,246.7354675,735.6148204,951.5558151,1093.462856,1265.663669,1693.881256
53434,1143.039678,249.2220177,745.9823911,967.2739804,1112.619328,1285.665933,1719.953564
53422,1165.855099,250.9510754,760.4634039,988.6101966,1137.067501,1308.189168,1747.559568
53413,1185.899003,252.397146,779.6598555,1008.307394,1155.281015,1327.51937,1770.243777
53404,1212.761509,256.6470043,798.8911614,1031.029258,1180.638526,1360.66993,1811.647821
53385,1262.656892,261.0464364,836.5907145,1075.1756,1235.071723,1416.540117,1859.112985
53343,1371.00925,267.8085727,925.258043,1183.755739,1342.843831,1527.568898,1978.602146
53304,1487.149154,266.9926175,1030.056347,1296.892004,1465.049101,1653.440147,2073.202054
53262,1611.663644,257.839122,1171.524775,1427.922652,1592.233083,1770.809281,2172.758242
53229,1720.482509,238.3441629,1301.218263,1550.739333,1702.590556,1870.278042,2232.398288
53200,1833.788258,193.0479889,1498.19601,1697.169332,1820.890909,1954.404311,2251.948811
53162,1706.285054,252.4131015,1271.033301,1528.808074,1683.602437,1860.256328,2256.906786
53123,1627.167483,287.4697242,1149.510278,1426.404951,1598.186475,1797.264835,2284.964107
53084,1540.279975,307.1783815,1040.707562,1321.07717,1506.224821,1721.703145,2243.452717